-- phpMyAdmin SQL Dump
-- version 4.8.5
-- https://www.phpmyadmin.net/
--
-- Servidor: 127.0.0.1
-- Tiempo de generación: 22-04-2021 a las 09:15:26
-- Versión del servidor: 10.1.39-MariaDB
-- Versión de PHP: 7.3.5

SET SQL_MODE = "NO_AUTO_VALUE_ON_ZERO";
SET AUTOCOMMIT = 0;
START TRANSACTION;
SET time_zone = "+00:00";


/*!40101 SET @OLD_CHARACTER_SET_CLIENT=@@CHARACTER_SET_CLIENT */;
/*!40101 SET @OLD_CHARACTER_SET_RESULTS=@@CHARACTER_SET_RESULTS */;
/*!40101 SET @OLD_COLLATION_CONNECTION=@@COLLATION_CONNECTION */;
/*!40101 SET NAMES utf8mb4 */;

--
-- Base de datos: `kosmetika_korearra`
--

-- --------------------------------------------------------

--
-- Estructura de tabla para la tabla `erabiltzaileak`
--

CREATE TABLE `erabiltzaileak` (
  `erabiltzaileKodea` int(11) NOT NULL,
  `izena` varchar(20) DEFAULT NULL,
  `abizena1` varchar(25) DEFAULT NULL,
  `abizena2` varchar(25) DEFAULT NULL,
  `telefonoa` varchar(15) DEFAULT NULL,
  `emaila` varchar(100) NOT NULL,
  `pasahitza` varchar(256) NOT NULL,
  `helbidea` varchar(40) DEFAULT NULL,
  `herria` varchar(20) DEFAULT NULL,
  `postaKodea` varchar(10) DEFAULT NULL,
  `probintzia` varchar(30) DEFAULT NULL,
  `herrialdea` varchar(20) DEFAULT NULL,
  `bono` int(11) DEFAULT '20',
  `emailAktibazioa` varchar(150) DEFAULT NULL,
  `desaktibatzeData` date DEFAULT NULL,
  `desaktibatua` tinyint(1) DEFAULT '0',
  `rol` int(11) NOT NULL DEFAULT '0'
) ENGINE=InnoDB DEFAULT CHARSET=utf8mb4;

--
-- Volcado de datos para la tabla `erabiltzaileak`
--

INSERT INTO `erabiltzaileak` (`erabiltzaileKodea`, `izena`, `abizena1`, `abizena2`, `telefonoa`, `emaila`, `pasahitza`, `helbidea`, `herria`, `postaKodea`, `probintzia`, `herrialdea`, `bono`, `emailAktibazioa`, `desaktibatzeData`, `desaktibatua`, `rol`) VALUES
(1, NULL, NULL, NULL, NULL, 'admin@gmail.com', '$2y$10$28B87aa2CkE2CshruiXpEOty/mnNqZvdmhzF0.55/.FDIvf6Pn6G6', NULL, NULL, NULL, NULL, NULL, 20, NULL, NULL, 0, 0),
(2, NULL, NULL, NULL, NULL, 'misil470_yt@gmail.com', '$2y$10$2LOe3IG9QTKnWztZOk8Kf.KnEVnGTKfaaW25HMmrp3FSyA5P7IEVC', NULL, NULL, NULL, NULL, NULL, 20, NULL, NULL, 0, 0),
(3, NULL, NULL, NULL, NULL, 'Usuario 01@gmail.com', '$2y$10$I4jGTKUVzOcFMcnsJ/9A8e9oZkjaRhD2yRvRPmZnbjmiXF3Sw4niq', NULL, NULL, NULL, NULL, NULL, 20, NULL, NULL, 0, 0);

-- --------------------------------------------------------

--
-- Estructura de tabla para la tabla `eskaerak`
--

CREATE TABLE `eskaerak` (
  `eskaeraKodea` int(11) NOT NULL,
  `eskaeraEgoera` varchar(30) DEFAULT NULL,
  `erosketaData` datetime DEFAULT CURRENT_TIMESTAMP,
  `entregaData` date DEFAULT NULL,
  `abiatzeData` date DEFAULT NULL,
  `erabiltzaileKodea` int(11) NOT NULL,
  `ezabatua` tinyint(1) DEFAULT '0'
) ENGINE=InnoDB DEFAULT CHARSET=utf8mb4;

--
-- Volcado de datos para la tabla `eskaerak`
--

INSERT INTO `eskaerak` (`eskaeraKodea`, `eskaeraEgoera`, `erosketaData`, `entregaData`, `abiatzeData`, `erabiltzaileKodea`, `ezabatua`) VALUES
(1, 'Realizado', NULL, '2021-05-02', '2021-04-27', 1, 0),
(2, 'Realizado', '0000-00-00 00:00:00', '2021-05-02', '2021-04-27', 1, 0),
(4, NULL, '2021-04-22 09:03:57', NULL, NULL, 2, 0),
(5, NULL, '2021-04-22 09:04:10', NULL, NULL, 3, 0),
(6, 'Realizado', '0000-00-00 00:00:00', '2021-05-02', '2021-04-27', 1, 0),
(7, 'Realizado', '2021-04-22 09:05:10', '2021-05-02', '2021-04-27', 1, 0),
(8, 'Realizado', '2021-04-22 09:06:28', '2021-05-02', '2021-04-27', 1, 0),
(9, 'Realizado', '2021-04-22 09:09:23', '2021-05-02', '2021-04-27', 1, 0),
(10, 'Realizado', '2021-04-22 09:09:57', '2021-05-02', '2021-04-27', 1, 0);

-- --------------------------------------------------------

--
-- Estructura de tabla para la tabla `eskaera_produktuak`
--

CREATE TABLE `eskaera_produktuak` (
  `eskaeraKodea` int(11) NOT NULL,
  `produktuKodea` char(10) NOT NULL,
  `erosketaKopurua` int(11) NOT NULL,
  `bueltatzeData` date DEFAULT NULL,
  `bueltatzeDataMax` date DEFAULT NULL
) ENGINE=InnoDB DEFAULT CHARSET=utf8mb4;

--
-- Volcado de datos para la tabla `eskaera_produktuak`
--

INSERT INTO `eskaera_produktuak` (`eskaeraKodea`, `produktuKodea`, `erosketaKopurua`, `bueltatzeData`, `bueltatzeDataMax`) VALUES
(1, 'M0026A', 1, NULL, '2021-05-22'),
(1, 'M0026A', 1, NULL, '2021-05-22');

-- --------------------------------------------------------

--
-- Estructura de tabla para la tabla `ipn`
--

CREATE TABLE `ipn` (
  `transakzioKodea` int(11) NOT NULL,
  `ordaintzeEgoera` varchar(40) NOT NULL,
  `prezioTotala` decimal(6,2) NOT NULL,
  `txanponMota` char(3) NOT NULL,
  `data` date NOT NULL,
  `eskaeraKodea` int(11) NOT NULL
) ENGINE=InnoDB DEFAULT CHARSET=utf8mb4;

-- --------------------------------------------------------

--
-- Estructura de tabla para la tabla `iritziak`
--

CREATE TABLE `iritziak` (
  `iritziKodea` int(11) NOT NULL,
  `data` date NOT NULL,
  `komentarioa` varchar(1000) NOT NULL,
  `balorazioa` int(11) NOT NULL,
  `publikatu` tinyint(1) DEFAULT '0',
  `produktuKodea` char(10) NOT NULL
) ENGINE=InnoDB DEFAULT CHARSET=utf8mb4;

-- --------------------------------------------------------

--
-- Estructura de tabla para la tabla `irudiak`
--

CREATE TABLE `irudiak` (
  `irudiKodea` int(11) NOT NULL,
  `ruta` varchar(255) NOT NULL,
  `produktuKodea` char(10) NOT NULL
) ENGINE=InnoDB DEFAULT CHARSET=utf8mb4;

--
-- Volcado de datos para la tabla `irudiak`
--

INSERT INTO `irudiak` (`irudiKodea`, `ruta`, `produktuKodea`) VALUES
(1, 'https://2021e3p1talde1.aegcloud.pro/img/imagenesSVG/A_PIEU/Madecassoside%20Cream.svg', 'A0001U'),
(2, 'https://2021e3p1talde1.aegcloud.pro/img/imagenesSVG/A_PIEU/Hyaluthione%20Soonsoo%20Daily%20Sheet%20Mask.svg', 'A0002U'),
(3, 'https://2021e3p1talde1.aegcloud.pro/img/imagenesSVG/A_PIEU/Apieu-Glycolic-Acid-Cream.svg', 'A0003U'),
(4, 'https://2021e3p1talde1.aegcloud.pro/img/imagenesSVG/A_PIEU/daily%20sheet%20mask%20(green%20teasoothing).svg', 'A0004U'),
(5, 'https://2021e3p1talde1.aegcloud.pro/img/imagenesSVG/A_PIEU/Daily%20Sheet%20Mask%20(Black%20TeaHydrating).svg', 'A0005U'),
(6, 'https://2021e3p1talde1.aegcloud.pro/img/imagenesSVG/Banila%20CO/Desmaquillante%20Clean%20It%20Zero%20Cleansing%20Balm%20Revitalizing.svg', 'B0001O'),
(7, 'https://2021e3p1talde1.aegcloud.pro/img/imagenesSVG/Banila%20CO/Desmaquillante%20Clean%20It%20Zero%20Cleansing%20Balm%20Nourishing.svg', 'B0002O'),
(8, 'https://2021e3p1talde1.aegcloud.pro/img/imagenesSVG/Banila%20CO/Desmaquillante%20Clean%20It%20Zero%20Cleansing%20Balm%20Nourishing.svg', 'B0003O'),
(9, 'https://2021e3p1talde1.aegcloud.pro/img/imagenesSVG/Banila%20CO/clean-it-zero-cleansing-balm-purifying-desmaquillante.svg', 'B0004O'),
(10, 'https://2021e3p1talde1.aegcloud.pro/img/imagenesSVG/COSRX/Low%20pH%20Good%20Morning%20Gel%20Cleanser.svg', 'C0001X'),
(11, 'https://2021e3p1talde1.aegcloud.pro/img/imagenesSVG/COSRX/centella-blemish-ampoule.jpg', 'C0002X'),
(12, 'https://2021e3p1talde1.aegcloud.pro/img/imagenesSVG/COSRX/BHA%20Blackhead%20Power%20Liquid.svg', 'C0003X'),
(13, 'https://2021e3p1talde1.aegcloud.pro/img/imagenesSVG/COSRX/esencia-regenerante-cosrx-advanced-snail-96-mucin-power-essence.svg', 'C0004X'),
(14, 'https://2021e3p1talde1.aegcloud.pro/img/imagenesSVG/COSRX/AdvancedSnail92AllinoneCream.svg', 'C0005X'),
(15, 'https://2021e3p1talde1.aegcloud.pro/img/imagenesSVG/COSRX/tonico-anti-acne-cosrx-ac-collection-calming-liquid-intensive.svg', 'C0006X'),
(16, 'https://2021e3p1talde1.aegcloud.pro/img/imagenesSVG/COSRX/Balancium%20Comfort%20Ceramide%20Cream1.svg', 'C0007X'),
(17, 'https://2021e3p1talde1.aegcloud.pro/img/imagenesSVG/COSRX/Poderoso%20l%C3%ADquido%20para%20espinillas%20AHA%207%201.svg', 'C0008X'),
(18, 'https://2021e3p1talde1.aegcloud.pro/img/imagenesSVG/COSRX/COSR0049F_1.jpg', 'C0009X');

-- --------------------------------------------------------

--
-- Estructura de tabla para la tabla `kategoriak`
--

CREATE TABLE `kategoriak` (
  `kategoriaKodea` char(10) NOT NULL,
  `izenaEus` varchar(30) NOT NULL,
  `izenaEs` varchar(30) DEFAULT NULL,
  `izenaEn` varchar(30) DEFAULT NULL,
  `deskribapenaEus` varchar(500) DEFAULT NULL,
  `deskribapenaEs` varchar(500) DEFAULT NULL,
  `deskribapenaEn` varchar(500) DEFAULT NULL,
  `beherapena` int(11) DEFAULT NULL,
  `ezabatua` tinyint(1) DEFAULT '0'
) ENGINE=InnoDB DEFAULT CHARSET=utf8mb4;

--
-- Volcado de datos para la tabla `kategoriak`
--

INSERT INTO `kategoriak` (`kategoriaKodea`, `izenaEus`, `izenaEs`, `izenaEn`, `deskribapenaEus`, `deskribapenaEs`, `deskribapenaEn`, `beherapena`, `ezabatua`) VALUES
('ACN', 'Aknea', 'Acne', 'Acne', NULL, NULL, NULL, NULL, 0),
('ANTA', 'Zimur kontrakoak', 'Antiarrugas', 'Anti wrinkle', NULL, NULL, NULL, NULL, 0),
('ANTM', 'Orbanen kontrakoa', 'Antimanchas', 'AntiSpot', NULL, NULL, NULL, NULL, 0),
('AURM', 'Aurpegi maskara', 'Mascarilla facial', 'Face mask', NULL, NULL, NULL, NULL, 0),
('ESEN', 'Esentziak', 'Esencias', 'Essences', NULL, NULL, NULL, NULL, 0),
('EXFO', 'Esfoliatzailea', 'Exfoliantes', 'Exfoliating', NULL, NULL, NULL, NULL, 0),
('HIDR', 'Hidratatzailea', 'Hidratante', 'Hydration', NULL, NULL, NULL, NULL, 0),
('LIMP', 'Cleaner', 'Limpiadores', 'Garbitzaileak', NULL, NULL, NULL, NULL, 0),
('PGRA', 'Larruazal koipetsua', 'Piel grasa', 'Oily skin', NULL, NULL, NULL, NULL, 0),
('PMIX', 'Azal mistoa', 'Piel mixta', 'Mixed skin', NULL, NULL, NULL, NULL, 0),
('PNOR', 'Larruazal arrunta', 'Piel normal', 'Normal skin', NULL, NULL, NULL, NULL, 0),
('PORO', 'Poroak', 'Poros', 'Pores', NULL, NULL, NULL, NULL, 0),
('PSEC', 'Larruazal lehorra', 'Piel seca', 'Dry skin', NULL, NULL, NULL, NULL, 0),
('PSEN', 'Larruazal sentikorra', 'Piel sensible', 'Sensitive skin', NULL, NULL, NULL, NULL, 0),
('PUNT', 'Puntu beltzak', 'Puntos negros', 'Blackheads', NULL, NULL, NULL, NULL, 0),
('SERU', 'Seruma', 'Serum', 'Serums', NULL, NULL, NULL, NULL, 0),
('TONIC', 'Tonikoa', 'Tonico', 'Tonic', NULL, NULL, NULL, NULL, 0);

-- --------------------------------------------------------

--
-- Estructura de tabla para la tabla `markak`
--

CREATE TABLE `markak` (
  `markaKodea` char(10) NOT NULL,
  `izena` varchar(80) NOT NULL,
  `deskribapenaEus` varchar(1000) DEFAULT NULL,
  `deskribapenaEs` varchar(1000) DEFAULT NULL,
  `deskribapenaEn` varchar(1000) DEFAULT NULL,
  `beherapena` int(11) DEFAULT NULL,
  `ezabatua` tinyint(1) DEFAULT '0'
) ENGINE=InnoDB DEFAULT CHARSET=utf8mb4;

--
-- Volcado de datos para la tabla `markak`
--

INSERT INTO `markak` (`markaKodea`, `izena`, `deskribapenaEus`, `deskribapenaEs`, `deskribapenaEn`, `beherapena`, `ezabatua`) VALUES
('AU', 'APIEU', NULL, NULL, NULL, NULL, 0),
('BO', 'BANILA CO', NULL, NULL, NULL, NULL, 0),
('CX', 'COSRX', NULL, NULL, NULL, NULL, 0),
('MA', 'MISSHA', NULL, NULL, NULL, NULL, 0),
('SK', 'SON&PARK', NULL, NULL, NULL, NULL, 0);

-- --------------------------------------------------------

--
-- Estructura de tabla para la tabla `produktuak`
--

CREATE TABLE `produktuak` (
  `produktuKodea` char(10) NOT NULL,
  `izenaEus` varchar(80) NOT NULL,
  `izenaEs` varchar(80) DEFAULT NULL,
  `izenaEn` varchar(80) DEFAULT NULL,
  `deskribapenaEus` varchar(1000) DEFAULT NULL,
  `deskribapenaEs` varchar(1000) DEFAULT NULL,
  `deskribapenaEn` varchar(1000) DEFAULT NULL,
  `osagaiakEus` varchar(2000) DEFAULT NULL,
  `osagaiakEs` varchar(2000) DEFAULT NULL,
  `osagaiakEn` varchar(2000) DEFAULT NULL,
  `stock` int(11) NOT NULL,
  `tamaina` varchar(10) DEFAULT NULL,
  `beherapena` int(11) DEFAULT NULL,
  `prezioa` decimal(6,2) DEFAULT NULL,
  `publikazioData` date NOT NULL,
  `ezabatua` tinyint(1) DEFAULT '0',
  `markaKodea` char(10) NOT NULL
) ENGINE=InnoDB DEFAULT CHARSET=utf8mb4;

--
-- Volcado de datos para la tabla `produktuak`
--

INSERT INTO `produktuak` (`produktuKodea`, `izenaEus`, `izenaEs`, `izenaEn`, `deskribapenaEus`, `deskribapenaEs`, `deskribapenaEn`, `osagaiakEus`, `osagaiakEs`, `osagaiakEn`, `stock`, `tamaina`, `beherapena`, `prezioa`, `publikazioData`, `ezabatua`, `markaKodea`) VALUES
('A0001U', 'Madecassoside Krema', 'Crema Madecassoside', 'Madecassoside Cream', 'Krema hau, Asiako Centella eta Madecassosidekin, ezin hobea da larruazal narritatu eta sentikorrak lasaitzeko, larruazaleko kalteak konpontzeko eta inguruko erasoetatik babesten gaituen babes-hesia zaintzeko. Krema birsortzailea denez, azala sendotzeko eta adin-ikurrak leuntzeko edo prebenitzeko ere ezin hobea da.\nAzala hidratatu eta indartu egiten du, eta kolageno naturala sortzen laguntzen du.\n', 'Esta crema con Centella Asiatica y Madecassoside es perfecta para calmar las pieles irritadas y sensibles, para reparar los danos en la piel y cuidar de la barrera protectora que nos protege de las agresiones del entorno. Al ser una crema regenerante tambien es perfecta para reafirmar la piel y suavizar o prevenir los signos de edad.\nHidrata la piel y la fortalece, favorece la formacion de colageno natural.\n', 'This cream with Centella Asiatica and Madecassoside is perfect for soothing irritated and sensitive skin, repairing damaged skin and caring for the protective barrier that protects us from environmental aggressions. Being a regenerating cream it is also perfect for firming the skin and smoothing or preventing the signs of aging. \nMoisturizes and strengthens the skin, promotes the formation of natural collagen.\n', 'Centella Asiatica hostoa, Ura, Ziklopentasiloxanoa, Fenil Trimeticona, Propanodiol, Glikerina, Dimetikona PEG-10, Ziklohexasiloxanoa, Niacinamida, Disteardimonium-en hektorita, Etoxidiglikola, Pantenola, Centella Asiatikoaren osoaren estraktua, Hexua Exfoliante Camouflage Laktatoa, serina, urea, sorbitola, pomeloa azala olioa, limoi azala olioa, Lavandula Hybrida olioa, Pelargonium Graveolens lore olioa, mandarina azala olioa, olioa Juniperus mexicana, adenosina, pentilen glikola, kaprilil glikola, butilen glikola, kaprililhidroxamiko azidoa, disolido azidoa Klorfenesina, Fenoxietanola.', 'Hoja de Centella Asiatica Agua, Agua, Ciclopentasiloxano, Fenil Trimeticona, Propanodiol, Glicerina, Dimeticona PEG-10, Ciclohexasiloxano, Niacinamida, Hectorita de Disteardimonium, Etoxidiglicol, Pantenol, Extracto de Centella Asiatica, Extracto de hojas de camuflaje, Hazelusideec Extracto de hoja de Densiflora, cloruro de sodio, acido lactico, lactato de sodio, serina, urea, sorbitol, aceite de cascara de pomelo, aceite de cascara de limon, aceite de Lavandula Hybrida, aceite de flor de Pelargonium graveolens, aceite de cascara de mandarina, aceite de juniperus mexicana, adenosina, pentileno Glicol, caprilil glicol, butilenglicol, acido caprilhidroxamico, EDTA disodico, clorfenesina, fenoxietanol.', 'Centella Asiatica Leaf Water, Water, Cyclopentasiloxane, Phenyl Trimethicone, Propanediol, Glycerin, PEG-10 Dimethicone, Cyclohexasiloxane, Niacinamide, Disteardimonium Hectorite, Ethoxydiglycol, Panthenol, Centella Asiatica Extract, Madecassoside, Camellia Sinensis Leaf Extract, Raspberry Leaf Extract, Dimethicone Crosspolymer, Witch Hazel Leaf Extract, Pinus Densiflora Leaf Extract, Sodium Chloride, Lactic Acid, Sodium Lactate, Serine, Urea, Sorbitol, Grapefruit Peel Oil, Lemon Peel Oil, Lavandula Hybrida Oil, Pelargonium Graveolens Flower Oil, Mandarin Orange Peel Oil, Juniperus Mexicana Oil, Adenosine, Allantoin, Pentylene Glycol, Caprylyl Glycol, Butylene Glycol, Caprylhydroxamic Acid, Disodium EDTA, Chlorphenesin, Phenoxyethanol.', 20, '50 ml', 30, '17.90', '2021-04-12', 0, 'AU'),
('A0002U', 'Eguneroko maskara Hyaluthione Soonsoo Daily Sheet Mask', 'Mascarilla diaria Hyaluthione Soonsoo Daily Sheet Mask', 'Hyaluthione Soonsoo Daily Sheet Mask', 'Mascure inguruko aurpegi maskara, azala modu intentsiboan zaintzeko. Dermatologikoki aztertuta, azido hialuronikoz egindako maskara honen hidratazio bizia ematen du, zimurren eta adierazpen-lerro txikien agerpenari eraginkortasunez aurre egiteko.', 'Mascarilla facial de la linea Mascure para el cuidado intensivo de la piel.\nTestado dermatologicamente, esta mascarilla a base de acido hialuronico proporciona una hidratacion intensa para combatir eficazmente la aparicion de arrugas y de pequenas lineas de expresion.', 'Facial mask from the Mascure range for intensive skin care. \nThis hyaluronic acid-based mask has been dermatologically tested and provides intense hydration to effectively combat the appearance of wrinkles and fine lines.', 'Ura, Glizerina, Dipropilenglikola, Sodio Hialuronato Gurutzearen Polimeroa, Sodio Hialuronatoa, Azido Hialuroniko Hidrolizatua, Azido Hialuronikoa, Betaina, 1,2-Hexanediola, Gotu Kola Estraktua, Portulaca Oleracea Estraktua (Purslane Berde Handia) (Pomeloa) , Allantoin, C12-14 Pareth-12, Citrus Nobilis (Tangerine) Fruit Extract, Bambusa vulgaris Leaf / Stem Extract, Aloe Barbadensis (Aloe Vera) Leaf Extract, Melaleuca alternifolia Leaf Extract (Tea Tree), Arginine, Carbomer, Ethylhexylglycerin, Xanthan Txiklea, EDTA disodikoa, Butilen Glikola, Illicium Verum Fruta Estraktua (Anisa), Propanediola, Glikosaminoglikano hidrolizatuak, Glutationoa, Benzil Glikberry, Zetona', 'Agua, glicerina, dipropilenglicol, polimero cruzado de hialuronato de sodio, hialuronato de sodio, acido hialuronico hidrolizado, acido hialuronico, betaina, 1,2-hexanodiol, extracto de centella asiatica (gotu kola), extracto de portulaca oleracea (purslane grandis verde) (toronja) Extracto de semilla, glicol de caprililo, alantoina, C12-14 Pareth-12, extracto de fruta de Citrus Nobilis (mandarina), extracto de hoja / tallo de Bambusa vulgaris, extracto de hoja de aloe barbadensis (aloe vera), extracto de hoja de Melaleuca alternifolia (arbol del te), arginina , Carbomero, etilhexilglicerina, goma xantana, EDTA disodico, butilenglicol, extracto de fruta Illicium Verum (anis), propanodiol, glucosaminoglicanos hidrolizados, glutation, bencil glicol, cetona de frambuesa, fenoxietanol, fragancia', 'Water, glycerin, dipropylene glycol, sodium hyaluronate cross polymer, sodium hyaluronate, hydrolyzed hyaluronic acid, hyaluronic acid, betaine, 1,2-hexanediol, gotu kola extract, portulaca oleracea extract (green purslane grandis) (Grapefruit) Seed Extract, Caprylyl Glycol, Allantoin, C12-14 Pareth-12, Citrus Nobilis (Tangerine) Fruit Extract, Bambusa vulgaris Leaf / Stem Extract, Aloe Barbadensis (Aloe Vera) Leaf Extract, Melaleuca alternifolia (Tea Tree) Leaf Extract, Arginine, Carbomer, Ethylhexylglycerin, Xanthan Gum, Disodium EDTA, Butylene Glycol, Illicium Verum Fruit Extract (Anise), Propanediol, Hydrolyzed Glycosaminoglycans, Glutathione, Benzyl Glycolberry, Ketone', 50, '33 mascari', 0, '24.65', '2021-03-03', 0, 'AU'),
('A0003U', 'Glycolic Acid Krema', 'Crema Glycolic Acid', 'Glycolic Acid Cream', 'Granitoak eta puntu beltzak kezkatzen badituzu, AHA eta BHA %3rekin azido glikolikoa eta %0,45arekin azido salizilikoa konbinatzen dituen krema honek seboa kontrolatzen lagunduko dizu, azal leuna, argitua eta kimu gogaikarrietatik urrun mantentzen.\nGainera, %30eko urki-izerdia du, eta, sakonean hidratatzeaz gain, azala lasaitzen du.\nProduktu honen alderdirik zoragarriena da azidoak kontzentrazio txikian dituen tratamendua dela, ez duela azalaren hezetasuna kentzen, distiratsuago eta leunago uzten duela. Eta makillajea aplikatzeko prest dagoela.\n', 'Si tu preocupacion son los granitos y puntos negros, esta crema que combina AHA y BHA con 3% de acido glicolico y 0,45% de acido salicilico, te ayudara a controlar el sebo, mantener la piel suave, iluminada y alejada de los molestos brotes.\nAdemas contiene un 30% de savia de abedul que ademas de hidratar en profundidad calmara tu piel.\nLo maravilloso de este producto es que es un tratamiento con acidos en bajas concentraciones que no elimina la humedad de la piel, sino que la deja mas brillante y tersa, y lista para la aplicacion de maquillaje.\n', 'If your concern is pimples and blackheads, this cream that combines AHA and BHA with 3% glycolic acid and 0. 45% salicylic acid, will help you control sebum, keep your skin smooth, bright and away from annoying breakouts.\nIt also contains 30% birch sap which not only deeply moisturises but also soothes your skin. \nThe wonderful thing about this product is that it is a treatment with acids in low concentrations that does not remove moisture from the skin, but leaves it brighter and smoother, and ready for makeup application.\n', 'Betula Alba zukua, ura, propanediola, trometamina, azido glikolikoa, cetearil alkohola, glizeril-26, 1,2-hexanediola, niazinamida, butilen glikola, glizerina, ciclopentasiloxanoa, erle argizaria, dimetikona, polisorbato 60, HDI-zikloetexetanoa 20 Etere kopolimeroa, glizeril estearatoa, pantenola, azido salicilikoa, Artemisia Princeps hostoaren estraktua, xantana goma, hidroxiazetofenona, sodio akrilatoa / sodio akriloyldimetiletilatourato kopolimeroa, PEG-100-hidrogeno-stearatoa 100-Lexadea Distearatoa, Polisorbatoa 80, Adenosina, Sorbitano Oleatoa, EDTA Disodikoa, Pantolaktona, Lactobacillus / Kalabaza Hartzidura Estraktua, Fenoxietanola, Ananas sativus (Anana) Fruta Estraktua, Alchemilla vulgaris Estraktua, Mendiko Kiwi Lore Estraktua, Actinidia, Pyrus Malus (Sagarra) Gaultheria procumbens (Wintergreen) hosto laburpena', 'Betula Alba Jugo, Agua, Propanodiol, Trometamina, Acido glicolico, Alcohol cetearilico, Glicerit-26, 1,2-Hexanodiol, Niacinamida, Butilenglicol, Glicerina, Ciclopentasiloxano, Cera de abejas, Dimeticona, Polisorbato 60, Ciclohexano-estexanorato de 240 / HDI Copolimero Bis-Deciltetradeceth-20 Eter, Estearato de glicerilo, Pantenol, Acido salicilico, Extracto de hoja de Artemisia Princeps, Goma de xantano, Hidroxiacetofenona, Acrilato de sodio / Copolimero de acriloildimetiltaurato de sodio, PEG-100-estearato de hidrogenato, PEG-100-Lexadecaina, PEG-100-2-Lecaina Alantoina, Diestearato de sacarosa, Polisorbato 80, Adenosina, Oleato de sorbitan, EDTA disodico, Pantolactona, Lactobacillus / Extracto de fermento de calabaza, Fenoxietanol, Extracto de fruta de Ananas sativus (pina), Extracto de Alchemilla vulgaris, Extracto de flor de kiwi de montana, Actinidia , Extracto de fruta de Pyrus Malus (manzana), Extracto de hoja de Gaultheria procumbens (gaulteria)', 'Betula Alba juice, water, propanediol, tromethamine, glycolic acid, cetearyl alcohol, glyceryl-26, 1,2-hexanediol, niacinamide, butylglycol, glycerin, cyclopentasiloxane, beeswax, dimethicone, polysorbate 60, HDI-cycloetherxol glyceryl stearate , Salicylic Acid, Artemisia Princeps Leaf Extract, Xanthan Gum, Hydroxyacetophenone, Sodium Acrylate / Sodium Acryloyldimethylethylate Copolymer, PEG-100-Hydrogen Stearate 100-Pantadol Olate, Disantane, Polisene, Polisene, Polisene Lactobacillus Fermentation Pumpkin Sativa Pineapple) Fruit Extract, Alchemilla vulgaris Extract, Mountain Kiwi Flower Extract, Actinidia, Pyrus Malus (Apple) Gaultheria procumbens (Wintergreen) Leaf Summary', 50, '50 ml', 55, '9.65', '2021-02-18', 0, 'AU'),
('A0004U', 'Eguneroko maskara Sheet Mask (Te berdea/Lasaigarria)', 'Mascarilla diaria Sheet Mask (Te verde/Calmante)', 'Daily Sheet Mask (Green Tea/Soothing)', 'Te berdeak gantza kontrolatzen eta azala elikatzen laguntzen du.\nPaketeak 33 orriko maskarak ditu. Maskarak kaxatxo batean datoz, eta atera egin daitezke, mini-pintzekin erabiltzeko. Tencel% 100 oihalez egina, maskarak larruazalari itsasten zaizkio, esentzia ahalik eta gehien emanez eta 15-20 minutuz mugitzen utziz.\n', 'El te verde ayuda a controlar el sebo y a nutrir la piel.\nEl paquete contiene mascaras de 33 hojas. Las mascarillas vienen en una cajita y se pueden extraer para usar con las mini pinzas incluidas. Hecho de tela 100% Tencel, las mascaras se adhieren efectivamente a la piel, maximizando la entrega de esencia y permitiendole moverse durante el uso de 15-20 minutos.\n', 'Green tea helps control sebum and nourish the skin.\nThe pack contains 33 sheet masks. The masks come in a small box and can be removed for use with the included mini tweezers. Made from 100% Tencel fabric, the masks effectively adhere to the skin, maximizing its scent and allowing you to move around during 15-20 minutes of use.\n', 'Ura, glizerina, dipropilenglikola, Camellia Sinensis hosto estraktua, betaina, alantoina, xantana goma, disodio EDTA, arginina, karbomeroa, Pareth-12 C12-14, kaprilil glikola, etilhexilglizerina, Gotu Kola zitrikoen estraktu erretratua edo Portulacaed estraktua, Bambusa vulgaris Hosto / Zurtoin Estraktua, Aloe Barbadensis Hosto Estraktua, Melaleuca Alternifolia (Te Zuhaitza) hosto Estraktua, Propanediola, Butileno Glikola, Illicium Verum Fruta Estraktua, 1,2-Hexanediola, Sodio Hialuronatoa, Lurrina', 'Agua, glicerina, dipropilenglicol, extracto de hoja de Camellia Sinensis, betaina, alantoina, goma xantana, EDTA disodico, arginina, carbomero, C12-14 Pareth-12, caprilil glicol, etilhexilglicerina, extracto de centella asiatica citrus grandcea, extracto de portulaca oleraitrais ) Extracto de semilla, Extracto de hoja / tallo de Bambusa vulgaris, Extracto de hoja de Aloe Barbadensis, Extracto de hoja de Melaleuca Alternifolia (arbol de te), Propanodiol, Butilenglicol, Extracto de fruta Illicium Verum, 1,2-Hexanodiol, Hialuronato de sodio, Fragancia', 'Water, Glycerin, Dipropylene Glycol, Camellia Sinensis Leaf Extract, Betaine, Allantoin, Xanthan Gum, Disodium EDTA, Arginine, Carbomer, Pareth-12 C12-14, Caprylyl Glycol, Ethylhexylglycerin, Gotu Kola citrus grandrait Extract, Portulaca olera Extract ) Seed Extract, Bambusa vulgaris Leaf / Stem Extract, Aloe Barbadensis Leaf Extract, Melaleuca Alternifolia (Tea Tree) Leaf Extract, Propanediol, Butylene Glycol, Illicium Verum Fruit Extract, 1,2-Hexanediol, Hyaluronate sodium, fragrance', 35, '33 mascari', 10, '24.65', '2021-03-14', 0, 'AU'),
('A0005U', 'Eguneroko maskara Sheet Mask (Te beltza/Hidratatzailea)', 'Mascarilla diaria Sheet Mask (Te negro/Hidratante)', 'Daily Sheet Mask (Black Tea/Hydrating)', 'Te beltzak antioxidatzaile ugari ditu, eta erradikal askeen kalteari aurre egiten laguntzen du.\nPaketeak 33 orriko maskarak ditu. Maskarak kaxatxo batean datoz, eta atera egin daitezke, mini-pintzekin erabiltzeko. Tencel% 100 oihalez egina, maskarak larruazalari itsasten zaizkio, esentzia ahalik eta gehien emanez eta 15-20 minutuz mugitzen utziz.\n', 'El te negro es rico en antioxidantes que ayuda a combatir el dano de los radicales libres.\nEl paquete contiene mascaras de 33 hojas. Las mascarillas vienen en una cajita y se pueden extraer para usar con las mini pinzas incluidas. Hecho de tela 100% Tencel, las mascaras se adhieren efectivamente a la piel, maximizando la entrega de esencia y permitiendole moverse durante el uso de 15-20 minutos.\n', 'Black tea is rich in antioxidants that help fight free radical damage.\nThe pack contains 33 sheet masks. The masks come in a small box and can be removed for use with the included mini tweezers. Made from 100% Tencel fabric, the masks effectively adhere to the skin, maximizing its scent and allowing you to move around during 15-20 minutes of use.\n', 'Ura, Glizerina, Dipropilenglikola, Kamelia Sinensis hosto laburpena, Betaina, Allantoina, Xantano Goma, Disodio EDTA, Arginina, Karbomeroa, Pareth-12 C12-14, Kaprilil Glikola, Etilexilglizerina, Citrus Grandcea Ol Asiako Gloss Extract, Portulait Extract) , Banbu vulgaris hosto / zurtoin laburpena, Aloe Barbadensis hosto laburpena, Melaleuca Alternifolia (te zuhaitza) hosto laburpena, Propanediol, Butilen Glikola, Illicium Verum Fruta laburpena, 1,2-Hexanediol, Hialuronato sodikoa, lurrina\n', 'Agua, glicerina, dipropilenglicol, extracto de hoja de Camellia Sinensis, betaina, alantoina, goma xantana, EDTA disodico, arginina, carbomero, C12-14 Pareth-12, caprilil glicol, etilhexilglicerina, extracto de centella asiatica citrus grandcea, extracto de portulaca oleraitrais ) Extracto de semilla, Extracto de hoja / tallo de Bambusa vulgaris, Extracto de hoja de Aloe Barbadensis, Extracto de hoja de Melaleuca Alternifolia (arbol de te), Propanodiol, Butilenglicol, Extracto de fruta Illicium Verum, 1,2-Hexanodiol, Hialuronato de sodio, Fragancia', 'Water, Glycerin, Dipropylene Glycol, Camellia Sinensis Leaf Extract, Betaine, Allantoin, Xanthan Gum, Disodium EDTA, Arginine, Carbomer, Pareth-12 C12-14, Caprylyl Glycol, Ethylexyglycerin, Citrus Grandcea Ol Asian Gloss Extract, Bamboo Extract ) Vulgaris Leaf / Stem Summary, Aloe Barbadensis Leaf Summary, Melaleuca Alternifolia (Tea Tree) Leaf Summary, Propanediol, Butyl Glycol, Illicium Verum Fruit Summary, 1,2-Hexanediol, Sodium Hyaluronate, Fragrance\n', 100, '33 mascari', 5, '24.65', '2021-01-15', 0, 'AU'),
('B0001O', 'Makillaje kentzeko Clean It Zero Cleansing Balm Revitalizing', 'Desmaquillante Clean It Zero Cleansing Balm Revitalizing', 'Desmaquillante Clean It Zero Cleansing Balm Revitalizing', 'Aurpegiko eta begietako makillajea urtzen du, ezpurutasunak kentzen ditu eta erradikal askeen azala babesten du, ahalmen antioxidatzaile indartsua duelako.\nHaren baltsamo-testura urtu egiten da azala ukitzean, hidratatu egiten da eta azalaren babes-mantua errespetatzen du. Formula leun hipoalergenikoak osagai naturalak ditu, hala nola mahats-haziaren olioa eta resveratrola. Horiek larruazala hidratatuta eta bizitasun osoz uzten dute, kanpoko eragile estresagarriei aurre egiteko. \nEzin hobea azal lehor, sentikor, misto eta gantzarentzat.\n', 'Funde el maquillaje de rostro y ojos, elimina impurezas y protege la piel de los radicales libres por su potente poder antioxidante. \nSu textura balsamo se funde al contacto con la piel, la hidrata y cuida respetanto el manto protector de la piel La formula suave hipoalergenica contiene ingredientes naturales como el aceite de semilla de uva y el resveratrol que dejan la piel hidratada y llena de vitalidad para resistir los agentes externos estresantes. \nPerfecto para piel seca, sensible, mixta y grasa.\n', 'It combines face and eye make-up, eliminates impurities and protects the skin from free radicals thanks to its powerful antioxidant power. \nIts balm texture melts on contact with the skin, moisturizes and cares while respecting the skin\'s protective mantle. The gentle hypoallergenic formula contains natural ingredients such as grape seed oil and resveratrol that leaves the skin moisturized and full of vitality to resist external stressing agents. \nPerfect for dry, sensitive, combination and oily skin.\n', 'Etilexil palmitatoa, cetil etilhexanoatoa, PEG-20 glizeril triisostearatoa, PEG-10 isostearatoa, argizari sintetikoa, Simmondsia Chinensis (jojoba) hazi olioa, 1,2-hexanediola, C12-13 alkil laktatoa, butilenglikola, fenoxietanola, ura, azido salicilikoa kapikolola. , Melaleuca Alternifolia (Tea Tree) Extract, Melaleuca Alternifolia (Tea Tree) Leaf Oil, Melia Azadirachta Leaf Extract, Melia Azadirachta Flower Extract, Bambusa Leaf / Stem Vulgaris, Aspalathus Linearis Extract, Angelica Archangelica Root Extract, Malplaia Emarata Acero) Fruit ExtractBambusa Vulgaris Leaf/Stem Extract, Aspalathus Linearis Extract, Angelica Archangelica Root Extract, Malpighia Emarginata (Acerola) Fruit Extract', 'Palmitato de etilhexilo, etilhexanoato de cetilo, triisoestearato de glicerilo PEG-20, isoestearato de PEG-10, cera sintetica, aceite de semilla de Simmondsia Chinensis (jojoba), 1,2-hexanodiol, lactato de alquilo C12-13, butilenglicol, fenoxietanol, agua, capicicol Acido Salicilico, Extracto de Melaleuca Alternifolia (Arbol de Te), Aceite de Hoja de Melaleuca Alternifolia (Arbol de Te), Extracto de Hoja de Melia Azadirachta, Extracto de Flor de Melia Azadirachta, Extracto de Hoja / Tallo de Bambusa Vulgaris, Extracto de Aspalathus Linearis, Extracto de Raiz de Angelica Archangelica, Malplaia Emarata Acero) Extracto de fruta', 'Ethylhexyl Palmitate, Cetyl Ethylhexanoate, PEG-20 Glyceryl Triisostearate, PEG-10 Isostearate, Synthetic Wax, Simmondsia Chinensis (Jojoba) Seed Oil, 1,2-Hexanediol, C12-13 Alkyl Lactate, Butylene Glycol, Phenoxyethanol, Water, Capryoyl Salicylic Acid, Salicylic Acid, Melaleuca Alternifolia (Tea Tree) Extract, Melaleuca Alternifolia (Tea Tree) Leaf Oil, Melia Azadirachta Leaf Extract, Melia Azadirachta Flower Extract, Bambusa Vulgaris Leaf/Stem Extract, Aspalathus Linearis Extract, Angelica Archangelica Root Extract, Malpighia Emarginata (Acerola) Fruit Extract', 15, '100ml', 35, '26.90', '2021-04-12', 0, 'BO'),
('B0002O', 'Makillajea kentzeko Clean It Zero Cleansing Balm Nourishing original', 'Desmaquillante Clean It Zero Cleansing Balm Nourishing original', 'Desmaquillante Clean It Zero Cleansing Balm Nourishing original', 'Ehundura solidoko baltsamo garbitzailea; azala ukitzean urtu egiten da, aurpegiko eta begietako makillajea (baita urarekiko erresistentea ere) azkar eta erraz kentzeko, larruazaleko olio naturalak kendu gabe.\nPapaia- eta altzairu-estraktuekin aberastuta, garbitzaile hipoalergeniko honek makillajea eta larruazaleko ezpurutasun guztiak urrats bakar batean ezabatzen ditu. Zero Balance teknologia aktibo-nahasketa patentatua da, sakon garbitzen du eta esfolia leuna du, azala lehortu edo hondatu gabe, eta hidratatuta eta fresko uzten du.\n', 'Balsamo limpiador con textura solida que se funde al entrar en contacto con la piel para eliminar rapida y facilmente el maquillaje (incluso el resistente al agua) de cara y ojos, sin quitar los aceites naturales de la piel.\nEnriquecido con extractos de papaya y acerola, este limpiador hipoalergenico elimina el maquillaje y todas las impurezas de la piel en un solo paso. La tecnologia Zero Balance, una mezcla patentada de activos, limpia profundamente y exfolia suavemente sin resecar ni danar la piel, dejandola hidratada y fresca.\n', 'Cleansing balm with solid texture that melts when it comes into contact with the skin to quickly and easily remove makeup (even water resistant) from the face and eyes, without removing natural oils from the skin.\nEnriched with papaya and acerola extracts, this hypoallergenic cleanser removes makeup and all skin impurities in one step. Zero Balance technology, a patented blend of active ingredients, gently cleanses and exfoliates without drying or damaging the skin, leaving it hydrated and fresh.\n', 'Etilexil palmitatoa, cetilhexanoato etilhexanoatoa, PEG-20 glizeril triisostearatoa, PEG-10 isostearatoa, argizari sintetikoa, Onsen-Sui, fenoxietanola, butilen glikola, eritrorhizonte lithospermako sustraia ateratzea, errythrorhizona aterazilatoa, bamboo hostoa , Malpighia Glabra (Acerola) Fruta Estraktua, Polidietilenglikol Adipatoa / IPDI Kopolimeroa, Akrilatoak / Amonio Metakrilato Kopolimeroa, Akrilatoak / Metholyc PEG-15. ', 'Palmitato de etilhexilo, etilhexanoato de cetilhexanoato, triisoestearato de glicerilo PEG-20, isoestearato de PEG-10, cera sintetica, Onsen-Sui, fenoxietanol, butilenglicol, extracto de raiz de litospermo eritrorhizonte, acetato de tocoferilo, fragancia de hoja de bambu, etilhexilo, etilhexilo Extracto, Extracto de Aspalathus Linearis, Extracto de raiz de Angelica Archangelica, Extracto de fruta Malpighia Glabra (Acerola), Adipato de polidietilenglicol / Copolimero IPDI, Copolimero de acrilatos / metacrilato de amonio, Acrilatos / Metholyc PEG-15.', 'Ethylhexyl Palmitate, Cetyl Ethylhexanoate, PEG-20 Glyceryl Triisostearate, PEG-10 Isostearate, Synthetic Wax, Onsen-Sui, Phenoxyethanol, Butylene Glycol, Lithospermum Erythrorhizon Root Extract, Tocopheryl Acetate, Fragrance, Ethylhexylglycerin, Water, 1,2-Hexanediol, Bambusa Vulgaris Leaf/Stem Extract, Aspalathus Linearis Extract, Angelica Archangelica Root Extract, Malpighia Glabra (Acerola) Fruit Extract, Polydiethyleneglycol Adipate/IPDI Copolymer, Acrylates/Ammonium Methacrylate Copolymer, Acrylates/Methoxy PEG-15 Methacrylate Copolymer.', 50, '100ml', 40, '26.90', '2021-04-12', 0, 'BO'),
('B0003O', 'Makillajea kentzeko Clean It Zero Cleansing Balm Nourishing', 'Desmaquillante Clean It Zero Cleansing Balm Nourishing', 'Desmaquillante Clean It Zero Cleansing Balm Nourishing', 'Aurpegiko eta begietako makillajea kentzen du (baita urarekin erresistentea dena ere), eta azalaren zikinkeriak garbitzen ditu urrats bakar batean. Utzi azala hidratatuta, argitsua eta elastikoa.\nAzala ukitzean, olio bihurtzen da, eta ez du ez lehortzen ez kalte egiten mantu hidrolipidikoari.\nGinseng eta erregina-jelea aberastutako formula hipoalergenikoa, azala elikatzen, suspertzen eta babesten duena.\nLehorra, mistoa eta sentikorra izateko aproposa.\n', 'Elimina el maquillaje (incluso resistente al agua) de cara y ojos y limpia las impurezas de la piel en un solo paso. Deja la piel hidratada, luminosa y elastica.\nSe transforma en aceite al contacto con la piel y no reseca ni dana el manto hidrolipidico.\nFormula hipoalergenica enriquecida con Ginseng y Jalea Real que nutren, revitalizan y protegen la piel.\nPerfecto para seca, mixta y sensible.\n', 'Removes make-up (even waterproof) from face and eyes and cleanses impurities from the skin in one step. Leaves skin hydrated, luminous and elastic. \nIt transforms into oil on contact with the skin and does not dry out or damage the hydrolipidic film. \nHypoallergenic formula enriched with Ginseng and Royal Jelly that nourish, revitalise and protect the skin. \nPerfect for dry, combination and sensitive skin.\n', 'Etilexil palmitatoa, Cetil etilhexanoatoa, PEG-20 glizeril triisostearatoa, PEG-10 isostearatoa, argizari sintetikoa, Carthamus tinctorius (Safflower) hazien olioa, Panax Ginseng baia erauzketa, Oenothera Biennis (arratsaldeko Primrosa) olioa, Setanol helioxetanoa, Setanol heloxenatoa , Etilhexilglizerina, Panax Ginseng Sustraien Estraktua, Errege Gelatina Estraktua, Ura, 1,2-Hexanediola, Bambusa vulgaris Hosto / Zurtoin Estraktua, Aspalathus Linearis Estraktua, Angelica Archangelicako Sustraia Estraktua, Zea Mays (Artoa) Olioa, Beta-Karotenoa , Polidietilenglikol adipatoa / IPDI kopolimeroa, tokoferola, akrilatoak / amonio metakrilato kopolimeroa, PEG-15 akrilatoak / metoxi metakrilato kopolimeroa', 'Palmitato de etilhexilo, etilhexanoato de cetilo, triisoestearato de glicerilo PEG-20, isoestearato de PEG-10, cera sintetica, aceite de semilla de Carthamus tinctorius (cartamo), extracto de baya de panax ginseng, aceite de Oenothera Biennis (onagra), setanol de calamar helianthus, fenoxietanol Acetato de tocoferilo, fragancia, etilhexilglicerina, extracto de raiz de Panax Ginseng, extracto de jalea real, agua, 1,2-hexanodiol, extracto de hoja / tallo de Bambusa vulgaris, extracto de Aspalathus Linearis, extracto de raiz de Angelica Archangelica) Extracto de fruta, aceite de Zea Mays (maiz), Betacaroteno, adipato de polidietilenglicol / copolimero IPDI, tocoferol, copolimero de acrilatos / metacrilato de amonio, copolimero de acrilatos / metacrilato de metoxi PEG-15', 'Ethylhexyl Palmitate, Cetyl Ethylhexanoate, PEG-20 Glyceryl Triisostearate, PEG-10 Isostearate, Synthetic Wax, Carthamus Tinctorius (Safflower) Seed Oil, Panax Ginseng Berry Extract, Oenothera Biennis (Evening Primrose) Oil, Helianthus Annuus (Sunflower) Seed Oil, Squalane, Phenoxyethanol, Butylene Glycol, Tocopheryl Acetate, Fragrance, Ethylhexylglycerin, Panax Ginseng Root Extract, Royal Jelly Extract, Water, 1,2-Hexanediol, Bambusa Vulgaris Leaf/Stem Extract, Aspalathus Linearis Extract, Angelica Archangelica Root Extract, Malpighia Glabra (Acerola) Fruit Extract, Zea Mays (Corn) Oil, Beta-Carotene, Polydiethyleneglycol Adipate/IPDI Copolymer, Tocopherol, Acrylates/Ammonium Methacrylate Copolymer, Acrylates/Methoxy PEG-15 Methacrylate Copolymer', 50, '100ml', 55, '26.90', '2021-04-12', 0, 'BO'),
('B0004O', 'Makillajea kentzeko clean  it zero cleansing balm purifying ', 'Clean it zero cleansing balm purifying desmaquillante', 'Clean it zero cleansing balm purifying', 'Koreako makillajea kentzeko baltsamo ezagunena da, eta Purifying bertsioan larruazal sentikorretarako bereziki diseinatuta dago.\nErauzkin naturalez beteta, makillajea erabat kentzen du, baita begiak eta ezpainak ere, hidratatuz eta azal sentikorrari elikagaiak emanez.\n', 'Es el balsamo desmaquillante mas famosos de Corea y en su version Purifying esta especialmente disenado para pieles sensibles. \nRepleto de extractos naturales, retira completamente el maquillaje incluso de ojos y labios hidratando y aportando nutrientes a tu piel sensible.\n', 'It is the most famous make-up remover balm in Korea and its purifying version is specially designed for sensitive skin. \n Packed with natural extracts, it completely removes makeup even from eyes and lips while moisturizing and nourishing your sensitive skin.\n', 'Cetil etilhexanoatoa, triglizerido kaprilikoa / kaprikoa, PEG-20 glizeril triisostearatoa, PEG-10 isostearatoa, argizari sintetikoa, ura, fenoxietanola, butilenglikola, usaina, tokoferil azetatoa, Oenothera Biennis (arratsaldeko Primrosa) olioa, Argania lore olioa, Argania lore antilexila Glizerina, Gotu Kola extract, Epilobium angustifolium flower / host / stem extract, Scutellaria baicalensis root extract, Polygonum cuspidatum root extract, Glycyrrhiza Glabra (regaliz) root extract, Camellia Sinensis Root, 1,2-Hexaidi Acid Leaf Extract, Rosmarinus officinalis (Rosem ) Hosto Extract, Chamomilla Recutita (Matricaria) Flower Extract, Calendula officinalis Flower Extract, Portulaca oleracea Extract, Althaea Rosea Flower, Aloe Barbadensis Leaf Extract, Sodium Benzoate, Bambusa vulgaris Leaf / Stem Extract, Aspalathus linearis, Angelic Root Extract a Archangelica, Malpighia Glabra (Acerola) Fruta Estraktua, Potasio Sorbatoa, Sodio Metabisulfitoa, Zea Mays (Artoa) Olioa, Beta-karotenoa, Polidietilenglikol Adipatoa / IPDI Kopolimeroa, Akrilatoak / Amonio Metakrilatoa Kopolimeroa, Akrilatoa Polimeratoa tokoferola', 'Etilhexanoato de cetilo, triglicerido caprilico / caprico, triisoestearato de glicerilo PEG-20, isoestearato de PEG-10, cera sintetica, agua, fenoxietanol, butilenglicol, fragancia, acetato de tocoferilo, aceite de Oenothera Biennis (onagra), aceite de argania spinhexil anthexilglicerina Agua de flor de Nobilis, glicerina, extracto de centella asiatica, extracto de flor / hoja / tallo de Epilobium angustifolium, extracto de raiz de Scutellaria baicalensis, extracto de raiz de Polygonum cuspidatum, extracto de raiz de Glycyrrhiza Glabra (regaliz), extracto de raiz de Camellia Sinensis, extracto de hoja de acido 1,2-Hexaidi , Extracto de hoja de Rosmarinus officinalis (Romero), Extracto de flor de Chamomilla Recutita (Matricaria), Extracto de flor de Calendula officinalis, Extracto de Portulaca oleracea, Extracto de flor de Althaea Rosea, Extracto de hoja de Aloe Barbadensis, Benzoato de sodio, Extracto de hoja / tallo de Bambusa vulgaris, Aspalathus linearis, Extracto de raiz de Angelica Archangelica, Extracto de fruta Malpighia Glabra (Acerola), Sorbato de potasio, Metabisulfito de sodio, Zea Mays (maiz) aceite, betacaroteno, adipato de polidietilenglicol / copolimero de IPDI, copolimero de acrilatos / metacrilato de amonio, copolimero de acrilatos / metacrilato de metoxi PEG-15, tocoferol', 'Cetyl Ethylhexanoate, Caprylic/Capric Triglyceride, PEG-20 Glyceryl Triisostearate, PEG-10 Isostearate, Synthetic Wax, Water, Phenoxyethanol, Butylene Glycol, Fragrance, Tocopheryl Acetate, Oenothera Biennis (Evening Primrose) Oil, Argania Spinosa Kernel Oil, Ethylhexylglycerin, Anthemis Nobilis Flower Water, Glycerin, Centella Asiatica Extract, Epilobium Angustifolium Flower/Leaf/Stem Extract, Scutellaria Baicalensis Root Extract, Polygonum Cuspidatum Root Extract, Glycyrrhiza Glabra (Licorice) Root Extract, Camellia Sinensis Leaf Extract, 1,2-Hexanediol, Citric Acid, Rosmarinus Officinalis (Rosemary) Leaf Extract, Chamomilla Recutita (Matricaria) Flower Extract, Calendula Officinalis Flower Extract, Portulaca Oleracea Extract, Althaea Rosea Flower Extract, Aloe Barbadensis Leaf Extract, Sodium Benzoate, Bambusa Vulgaris Leaf/Stem Extract, Aspalathus Linearis Extract, Angelica Archangelica Root Extract, Malpighia Glabra (Acerola) Fruit Extract, Potassium Sorbate, Sodium Metabisulfite, Zea Mays (Corn) Oil, Beta-Carotene, Polydiethyleneglycol Adipate/IPDI Copolymer, Acrylates/Ammonium Methacrylate Copolymer, Acrylates/Methoxy PEG-15 Methacrylate Copolymer, Tocopherol', 100, '100ml', 25, '26.90', '2021-04-12', 0, 'BO'),
('C0001X', 'Low pH Good Morning Garbiketa gela', 'Gel limpiador Low pH Good Morning ', 'Low pH Good Morning Gel Cleanser', 'PH txikiko formula duen gel-garbitzailea, azalari ez dio olio naturalik kentzen, eta osagai botaniko purifikatzaileak eta azido leunez osaturik dago.\nLarruazal sentikor eta lehorrentzat bideratuta, baina beste azal-mota ere lan egiten du.', 'Limpiador en gel con formula de bajo pH no despoja a su piel de sus aceites naturales y contiene ingredientes botanicos purificadores y acidos suaves.\nPieles sensibles y secas, pero hace el trabajo sin importar su tipo de piel.', 'Gel cleanser with low pH formula does not strip your skin of its natural oils and contains purifying botanicals and mild acids. \nSensitive and dry skin, but it does the job no matter your skin type.', 'Ura, Cocamidopropyl Betaine, Sodio Lauroyl Methyl Isethionate, Polysorbate 20, Styrax japonicus Adarra / Fruta / hosto laburpena, Butilen glikola, Saccharomyces hartzidura, Cryptomeria japonica hosto laburpena, Nelumbo nucifera hosto laburpena, Pinus hosto laburpena palustris, Primus David lorea Atera, Pueraria Lobata Sustrai Atera, Melaleuca Alternifolia (Te Zuhaitza) Hosto Olioa, Allantoina, Kaprilil Glikola, Etilhexilglizerina, Betaina Salizilatoa, Azido Citrikoak, Etil Hexanediola, 1,2-hexanol, Trisodio etilendiamina disukinatua, disodikoa EDTA', 'Agua, cocamidopropil betaina, lauroil metil isetionato de sodio, polisorbato 20, extracto de rama / fruta / hoja de Styrax japonicus, butilenglicol, fermento de Saccharomyces, extracto de hoja de Cryptomeria japonica, extracto de hoja de Nelumbo nucifera, extracto de hoja de Pinus palustris, flor de Ulmus David (onagra) Extracto, extracto de raiz de Pueraria Lobata, aceite de hoja de Melaleuca Alternifolia (arbol de te), alantoina, caprilil glicol, etilhexilglicerina, salicilato de betaina, acido citrico, etil hexanodiol, 1,2-hexanodiol, disuccinato de etilendiamina trisodico, EDTA disodico', 'Water, Cocamidopropyl Betaine, Sodium Lauroyl Methyl Isethionate, Polysorbate 20, Styrax Japonicus Branch/Fruit/Leaf Extract, Butylene Glycol, Saccharomyces Ferment, Cryptomeria Japonica Leaf Extract, Nelumbo Nucifera Leaf Extract, Pinus Palustris Leaf Extract, Ulmus Davidiana Root Extract, Oenothera Biennis (Evening Primrose) Flower Extract, Pueraria Lobata Root Extract, Melaleuca Alternifolia (Tea Tree) Leaf Oil, Allantoin, Caprylyl Glycol, Ethylhexylglycerin, Betaine Salicylate, Citric Acid, Ethyl Hexanediol, 1,2-Hexanediol, Trisodium Ethylenediamine Disuccinate, Sodium Benzoate, Disodium EDTA', 5, '150ml', 5, '16.00', '2021-04-10', 0, 'CX'),
('C0002X', 'Centella Blemish Ampule Seruma', 'Serum Centella Blemish Ampule', 'Centella Blemish Ampule', 'Centellako orbanetarako anpuluak Centella asiarraren hostoko uraren %85 dauka, eta Centella asiarraren estraktuak agerraldi gehigarriak saihesten ditu, seboaren ekoizpena normalizatuz eta larruazalaren hesi naturala mantenduz.\nLarruazal sentikorrarentzat, egokia da.', 'La ampolla para manchas de Centella contiene el 85% de agua de la hoja de Centella Asiatica, y el extracto de Centella Asiatica que previene brotes adicionales normalizando la produccion del sebo y manteniendo la barrera natural de la piel. \nEs adecuado para la piel sensible.', 'Good Morning Low pH Gel Cleanser: gentle gel cleanser with a slightly acidic pH level. \nUltra moisturizing oil-free lotion: the light and subtle lotion that is a natural ingredient pleasant to the touch full of vitamins and antioxidants, soothes and effectively treats irritated skin providing the nourishment it needs.', 'Asiako zentella-hostoa duen ura, butilenglikola, glizerina, betaina, 1,2-hexanodiola, alantoina, sodio hialuronatoa, Asiako zentella estraktua, arginina, PEG-60 errizino-olio hidrogenatua, klorofilina-kobrea konplexua, ikatza, hidroxietilzelulosa.', 'Agua de hoja de centella asiatica, butilenglicol, glicerina, betaina, 1,2-hexanodiol, alantoina, hialuronato de sodio, extracto de centella asiatica, arginina, aceite de ricino hidrogenado PEG-60, complejo de clorofilina-cobre, carbomero, hidroxietilcelulosa.', 'Centella Asiatica Leaf Water, Butylene Glycol, Glycerin, Betaine,1,2-Hexanediol, Allantoin, Sodium Hyaluronate, Centella Asiatica Extract, Arginine, PEG-60 Hydrogenated Castor Oil, Chlorophyllin-Copper Complex, Carbomer, Hydroxyethylcellulose.\n', 15, '20ml', 70, '25.95', '2021-02-02', 0, 'CX'),
('C0003X', 'BHA Blackhead Power Liquid Azido salizilikoa duen toniko esfoliatzailea', 'Tonico exfoliante con acido salicilico BHA Blackhead Power Liquid', 'BHA Blackhead Power Liquid', 'Puntu beltzak ager ez daitezen, argiztatu eta larruazalaren tonu uniformeagoa lortzen du.\nOrbanen eta inperfekzioen aurkako borroka, agertu baino lehen ere, eta azal leun eta leuna izaten du.', 'Previene la aparicion de puntos negros, ilumina y consigue un tono de piel mas uniforme. \nLucha contra las manchas e imperfecciones incluso antes de que aparezcan y mantiene una piel suave y lisa.', 'Prevents the appearance of blackheads, illuminates and achieves a more even skin tone.\nFights blemishes and imperfections even before they appear and keeps skin soft and smooth.', 'Salix Alba azalaren ura, butilenglikola, betaina-salizilatoa, niazinamida, 1,2-hexanodiola, etil hexanodiola, arginina, pantenola, sodio hialuronatoa, xantana goma.', 'Agua de corteza Salix Alba, butilenglicol, salicilato de betaina, niacinamida, 1,2-hexanodiol, etil hexanodiol, arginina, pantenol, hialuronato de sodio, goma xantana.', 'Salix Alba Bark Water, Butylene Glycol, Betaine Salicylate, Niacinamide, 1,2-Hexanediol, Ethyl Hexanediol, Arginine, Panthenol, Sodium Hyaluronate, Xanthan Gum.', 20, '100ml', 70, '30.00', '2021-02-08', 0, 'CX'),
('C0004X', 'Advanced Snail 96 Mucin Power Essence Esentzia konpontzailea', 'Esencia reparadora Advanced Snail 96 Mucin Power Essence', 'Advanced Snail 96 Mucin Power Essence', 'Azala barrutik konpontzen du eta hidratazioa eransten dio. Elikatu egiten du, erabat berreskuratzeko. Azala leunago bihurtzen eta itxura osasuntsuagoa ematen dio.\n% 96 barraskilo-jariaketako (muzina) iragazketarekin formulatua, azala hezetasun-galeratik babesten du. Azalaren testura leun eta osasungarria mantentzen laguntzen du.', 'Repara la piel desde el interior y agrega hidratacion a la piel, la nutre por completo para una recuperacion completa. La piel se vuelve mas suave y adquiere un aspecto mas saludable.\nFormulada con un 96% de filtrado de secrecion de caracol (mucina), protege la piel de la perdida de humedad mientras mantiene la textura de la piel suave y saludable.', 'Repairs the skin from the inside and adds moisture to it, nourishing the skin completely for a full recovery. The skin becomes smoother and healthier looking.\nFormulated with 96% snail secretion filtrate (mucin), it protects skin from moisture loss while keeping skin texture smooth and healthy.', 'Barraskiloen jariatze iragazkia (% 96,3), betaina, butilenglikola, 1,2-hexanediola, sodio poliakrilatoa, fenoxietanola, sodio hialuronatoa, alantoina, etilhexanediola, karbomeroa, pantenola, arginina', 'Filtrado de Secrecion de Caracol (96.3%), Betaina, Butileno Glycol, 1,2-Hexanediol, Poliacrilato de Sodio, Fenoxietanol, Hialuronato de Sodio, Alantoina, Ethyl Hexanediol, Carbomer, Pantenol, Arginina', 'Snail secretion filtrate (96. 3%), Betaine, Butylene Glycol, 1,2-Hexanediol, Sodium Polyacrylate, Phenoxyethanol, Sodium Hyaluronate, Allantoin, Ethyl Hexanediol, Carbomer, Panthenol, Arginine', 50, '100ml', 35, '27.00', '2021-01-05', 0, 'CX'),
('C0005X', 'Advanced Snail 92 All in one KREMA', 'Crema Advanced Snail 92 All in one', 'Advanced Snail 92 All in one Cream', '% 92ko iragazitako barraskiloaren jariaketa\nAzal-mota guztietarako egokia\nEmaitzarik onenak lortzeko, erabili Esentzia aurreratua Caracol 96 energia-muzina.\n', 'La secrecion del caracol filtrado 92 por ciento\nAdecuado para todo tipo de piel\nPara obtener los mejores resultados, utilice con Esencia avanzada Caracol 96 mucina de energia.\n', 'Snail secretion filtered 92 percent \nSuitable for all skin types \nFor best results, use with Advanced Snail Essence 96 Energy Mucin.\n', 'Barraskiloen jariatze-iragazkia, betaina, triglizerido kaprilikoa / kaprikoa, butilenglikola, cetearil olibatoa, sorbitano olibatoa, cetearil alkohola, karbomeroa, etil hexanediola, fenoxietanola, arginina, dimetikona, sodio poliakrilatoa, sodio hialinatoa, sodio polipropilenikoa, sodio polipropilenoa Azido miristikoa.', 'Filtrado de secrecion de caracol, betaina, triglicerido caprilico / caprico, butilenglicol, olivato de cetearilo, olivato de sorbitan, alcohol cetearilico, carbomero, hexanodiol de etilo, fenoxietanol, arginina, dimeticona, poliacrilato de sodio, hialinato de sodio, pantenolicilato, pantenol de sodio Acido estearico, adenosina, agua, acido miristico.', 'Snail Secretion Filtrate, Betaine, Caprylic/Capric Triglyceride, Butylene Glycol, Cetearyl Olivate, Sorbitan Olivate, Cetearyl Alcohol, Carbomer, Ethyl Hexanediol, Phenoxyethanol, Arginine, Dimethicone, Sodium Polyacrylate, Sodium Hyaluronate, Allantoin, Palmitic Acid, Panthenol, Xanthan Gum, Stearic Acid, Adenosine, Water, Myristic Acid.', 30, '100g', 45, '31.00', '2021-04-10', 0, 'CX'),
('C0006X', 'AC COLLECTION CALMING LIQUID INTENSIVE AKNEAREN AURKAKO TONIKOA', 'TONICO ANTI-ACNE AC COLLECTION CALMING LIQUID INTENSIVE', 'AC COLLECTION CALMING LIQUID INTENSIVE', 'Eraginkortasun handiko likido lasaigarria eta hipoalergenikoa, hantura arindu eta azaleko uraren eta olioaren arteko oreka berreskuratzen duena.\nBusti kotoizko disko bat eta eman aurpegian eta gorputzean, garbitu ondoren.\nBereziki garatua aknea izateko joera duten larruetarako.\n', 'Liquido calmante e hipoalergenico de alta eficiencia que alivia la inflamacion y restaura el equilibrio agua-aceite de la piel. \nHumedece un disco de algodon y aplica en el rostro y el cuerpo despues de la limpieza. \nDesarrollado especialmente para pieles propensas al acne. \n', 'Highly effective soothing and hypoallergenic liquid that relieves inflammation and restores the water-oil balance of the skin. \nMoisten a cotton pad and apply to the face and body after cleansing. \n Specially developed for acne-prone skin.\n', 'Propolis Estraktua, Alkohola, Butilen Glikola, Sodio Laktatoa, Dimetilsulfona, Betaina, Azido Laktikoa, 1,2-Hexanediola, Azido Glikolikoa, Ura, Betainako Salizilatoa, Cassia Obtusifolia Hazia Estraktua, Pantenola, Alantoina, Sodio Hialuronatoa, Zelulosa Polisak. Zink PCA, Melaleuca Alternifolia (Te Zuhaitza) hosto olioa, etil hexanediola, asiatosida, azido aziatikoa, azido madekasikoa.', 'Extracto de propoleo, alcohol, butilenglicol, lactato de sodio, dimetilsulfona, betaina, acido lactico, 1,2-hexanodiol, acido glicolico, agua, salicilato de betaina, extracto de semilla de Cassia Obtusifolia, pantenol, alantoina, hialuronato de sodio, polisorbato 60, hidroxietilcelulosa Zinc PCA, aceite de hoja de Melaleuca Alternifolia (arbol del te), etil hexanodiol, asiaticosido, acido asiatico, acido madecasico.', 'Propolis Extract, Alcohol, Butylene Glycol, Sodium Lactate, Dimethylsulfone, Betaine, Lactic Acid, 1,2-Hexanediol, Glycolic Acid, Water, Betaine Salicylate, Cassia Obtusifolia Seed Extract, Panthenol, Allantoin, Sodium Hyaluronate, Polysorbate 60, Hydroxyethylcellulose Zinc PCA, Melaleuca Alternifolia (Tea Tree) Leaf Oil, Ethyl Hexanediol, Asiatoside, Asiatic Acid, Madecasic Acid.', 25, '125ml', 50, '26.40', '2021-04-10', 0, 'CX'),
('C0007X', 'Balancium Comfort Ceramide Krema', 'Crema Balancium Comfort Ceramide ', 'Balancium Comfort Ceramide Cream', 'Larruazal sentikorrentzako hidratatzailea.\nBalancium Comfort zeramida-kremarekin azala lasaitu eta indartu egiten du. Hidratatzaile arin baina bizi honek zuramidak erabiltzen ditu, larruazalaren hesia indartzeko eta, aldi berean, edozein narritadura baretzeko. \nTestura arinak larruazalaren koipea orekatzen laguntzen du, eta horrek haren elastikotasuna eta hidratazioa hobetzen ditu. Akabera matea oso egokia da edozein larruazal-motarentzat, eta makillajea eman aurretik erabil daiteke.\n', 'Una hidratante intensa para pieles sensibles.\nCalma y refuerza la piel con la crema de ceramidas Balancium Comfort. Esta hidratante ligera pero intensa utiliza ceramidas para fortalecer la barrera de la piel, a la vez que calma cualquier irritacion. \nSu textura ligera ayuda a equilibrar la grasa de la piel, lo que mejora su elasticidad y potencia su hidratacion. Su acabado mate la hace ideal para cualquier tipo de piel y se puede usar antes de aplicar el maquillaje.\n', 'An intense moisturizer for sensitive skin. \nSoothes and strengthens the skin with Balancium Comfort Ceramide Cream. This lightweight yet intense moisturizer uses ceramides to strengthen the skin barrier while soothing any irritation. \nIts light texture helps to balance the skin\'s oil, which improves its elasticity and boosts its hydration. Its matte finish makes it ideal for any skin type and can be used before applying make-up.\n', 'Gotu Kola hosto ura, butilenglikola, glizerina, helianthus annuus hazi olioa, triglizerido kaprilikoa / kaprikoa, alkohol cetearilikoa, betaina, 1,2-hexanediola, lezitina hidrogenatua, cetearil olibatoa, zeramida NP, sorbitan olibondoa, Elaeis guineensisistearate olioa, Sucrosarate Beeswax , Cyclomethicone, Elaeis Guineensis Kernel Oil, Ethylhexylglycerin, Hydroxyethyl Acrylate / Sodium Acryloyldimethyltaurate Copolymer, Ethylhexanediol, Dipropylene Gllycol, Cassia Dimethoolipholia Seed, Polyphenolipholiphenyl Acetate, Acetate 60 / water.', 'Agua de hoja de Centella asiatica, glicol de butileno, glicerina, aceite de semilla de helianthus annuus, triglicerido caprilico / caprico, alcohol cetearilico, betaina, 1,2-hexanodiol, lecitina hidrogenada, olivato de cetearilo, NP de ceramida, olivar de sorbitan, aceite de elaeis guineensisistearato, sucrosarato Cera de abejas, ciclometicona, Elaeis Guineensis Kernel Oil, Etilhexilglicerina, Acrilato de hidroxietilo / Copolimero de acriloildimetiltaurato de sodio, Etilhexanodiol, Dipropilenglicol, Extracto de semilla de Cassia Obtusifolia, Gliceril estearato, Dimetanato de dimetilfenol, Crosario de dimetilfenol , Isoestearato de sorbitan, polisorbato 60, asiaticosido, agua / agua, acido asiatico, acido madecasico, limoneno, linalol.', 'Centella Asiatica Leaf Water, Butylene Glycol, Glycerin, Helianthus Annuus Seed Oil, Caprylic/Capric Triglyceride, Cetearyl Alcohol, Betaine, 1,2-Hexanediol, Hydrogenated Lecithin, Cetearyl Olivate, Ceramide NP, Sorbitan Olivate, Elaeis Guineensis oil, Sucrose Distearate, Beeswax, Cyclomethicone, Elaeis Guineensis Kernel Oil, Ethylhexylglycerin, Hydroxyethyl Acrylate/Sodium Acryloyldimethyl Taurate Copolymer, Ethyl Hexanediol, Dipropylene Glycol, Cassia Obtusifolia Seed Extract, Glyceryl Stearate, Panthenol, Niacinamide, Parfum, Dimethicone/Vinyl Dimethicone Crosspolymer, Sodium Hyaluronate, Xanthan Gum, Sorbitan Isostearate, Polysorbate 60, Asiaticoside, Aqua/Water, Asiatic Acid, Madecassic Acid, Limonene, Linalool.', 45, '80ml', 25, '37.00', '2021-02-16', 0, 'CX'),
('C0008X', 'AHA 7 Whitehead zaldar likido ahaltsua', 'Poderoso liquido para espinillas AHA 7 ', 'AHA 7 Whitehead Power Liquid', 'Puntu zurien agerpena tratatzeko esfoliatzaile kimikoa, harizpi sebazeoak deitzen zaie. AHA (alfahidroxiazidoak), horiek ezabatzen eta agertzea saihesten laguntzen du, eta poroa sakonean garbitzen du gehiegizko gantz-kantitate hori erregulatzeko.\nOsagai nagusia sagar-zukuaren estraktua da, zelula hilak kendu eta larruazalaren tonua berdintzen duen azido ahaltsua.\nFormula zoragarri horri azido glikolikoa gehitu behar zaio, azalaren testura leundu eta uniformea eta leunagoa izan dadin.\n', 'Exfoliante quimico para tratar la aparicion de puntos blancos, se llaman filamentos sebaceos. AHA (alfahidroxiacidos) que ayuda a eliminarlos, asi como a evitar su aparicion, limpiando el poro en profundidad para regular ese exceso de sebo. \nEl ingrediente estrella es el extracto de jugo de manzana, un potente acido que retira las celulas muertas e iguala el tono de la piel. \nA esta maravilla de formula le suma el acido glicolico, encargado de alisar la textura de la piel y hacer que sea uniforme y mas lisa.\n', 'Chemical exfoliant to treat the appearance of whiteheads, called sebaceous filaments. AHA (alpha hydroxy acids) helps to eliminate them, as well as to avoid their appearance, cleaning the pore in depth to regulate the excess of sebum.\nThe star ingredient is apple juice extract, a potent acid that removes dead skin cells and evens skin tone.\nTo this marvelous formula, add glycolic acid, responsible for smoothing the texture of the skin and making it uniform and smoother.\n', 'Pyrus Malus (sagarra) Frutako ura, butilenglikola, azido glikolikoa, niazinamida, sodio hidroxidoa, 1,2-hexanediola, pantenola, sodio hialuronatoa, xantana goma, etilhexanediola.', 'Pyrus Malus (manzana) Agua de frutas, butilenglicol, acido glicolico, niacinamida, hidroxido de sodio, 1,2-hexanodiol, pantenol, hialuronato de sodio, goma xantana, etilhexanodiol', 'Pyrus Malus (Apple) Fruit Water, Butylene Glycol, Glycolic Acid, Niacinamide, Sodium Hydroxide, 1,2-Hexanediol, Panthenol, Sodium Hyaluronate, Xanthan Gum, Ethyl Hexanediol\n', 14, '100ml', 15, '25.00', '2021-01-18', 0, 'CX');
INSERT INTO `produktuak` (`produktuKodea`, `izenaEus`, `izenaEs`, `izenaEn`, `deskribapenaEus`, `deskribapenaEs`, `deskribapenaEn`, `osagaiakEus`, `osagaiakEs`, `osagaiakEn`, `stock`, `tamaina`, `beherapena`, `prezioa`, `publikazioData`, `ezabatua`, `markaKodea`) VALUES
('C0009X', 'COSRX salduenen set-a', 'Set COSRX de los mas vendidos', 'COSRX Favorites Best sellers Set', 'Cosrx-en larruazala zaintzeko artikulu nagusiak. 0,7 fl. bakoitza.\nTratamendu argigarria AHA/BHA - eraginkortasunez sartzen da larruazalean eta buxatutako poroak garbitzen ditu. Hezetasun-armarria berreraikitzen ere laguntzen dio azalari.\nBarraskiloaren esentzia aurreratua 96 Mucin Power Essence: larruazalean azkar xurgatzen den eta barrutik distira naturala ematen dion esentzia arina.\nPH baxuko Good Morning gel-garbitzailea: gel motako garbigarri leuna, pH maila azidoa duena.\nOliorik gabeko lozio ultra hidratatzailea: lozio arin eta sotila, bitamina eta antioxidatzailez betetako ukimenaren osagai natural atsegina, narritatutako azala lasaitu eta eraginkortasunez tratatzen du, behar duen nutrizioa emanez.\n', 'Los articulos esenciales para el cuidado de la piel mas vendidos de Cosrx. 0.7 fl oz cada uno.\nTratamiento aclarante AHA/BHA - penetra eficazmente en la piel y limpia los poros obstruidos. Tambien ayuda a la piel a reconstruir su escudo de humedad.\nEsencia avanzada de caracol 96 Mucin Power Essence: esencia ligera que se absorbe en la piel rapidamente y da a la piel un brillo natural desde el interior.\nLimpiador de gel Good Morning de bajo pH: limpiador suave tipo gel con nivel de pH ligeramente acido.\nLocion ultra hidratante sin aceite: la locion ligera y sutil que es un ingrediente natural agradable al tacto lleno de vitaminas y antioxidantes, calma y trata eficazmente la piel irritada proporcionando la nutricion que necesita.\n', 'Cosrx\'s best-selling skincare essentials. 0. 7 fl oz each. \n AHA/BHA lightening treatment - effectively penetrates the skin and clears clogged pores. It also helps the skin rebuild its moisture shield.\nAdvanced Snail Essence 96 Mucin Power Essence: a light essence that absorbs into the skin quickly and gives the skin a natural glow from within. \nGood Morning Low pH Gel Cleanser: gentle gel cleanser with a slightly acidic pH level. \nUltra moisturizing oil-free lotion: the light and subtle lotion that is a natural ingredient pleasant to the touch full of vitamins and antioxidants, soothes and effectively treats irritated skin providing the nourishment it needs.\n', 'Ura, Cocamidopropyl Betaine, Sodio Lauroyl Methyl Isethionate, Polysorbate 20, Styrax japonicus Adarra / Fruta / hosto laburpena, Butilen glikola, Saccharomyces hartzidura, Cryptomeria japonica hosto laburpena, Nelumbo nucifera hosto laburpena, Pinus hosto laburpena palustris, Ulmus edo Davidiana ) Sustrai Atera, Lore Atera, Pueraria Lobata Sustrai Atera, Melaleuca Alternifolia (Te Zuhaitza) Hosto Olioa, Allantoina, Kaprilil Glikola, Etilhexilglizerina, Betaina Salizilatoa, Azido Citrikoa, Etil Hexanediol, 1,2-Hexanediol, Etilendiamina sodikoa disuccodio trisodioa\nAHA / BHA Argitzeko Tratamendu Tonikoa\nUra, Salix Alba (Sahatsa) Azala Ura, Pyrus Malus (Sagarra) Fruta Ura, Butilen Glikola, 1,2-Hexanediola, Sodio Laktatoa, Azido Glikolikoa, Betaina Salizilatoa, Allantoina, Pantenola, Etil Hexanediola\nAdvanced Snail 96 Mucin Power Essence\nBarraskiloen jariatze iragazkia, betaina, butilenglikola, 1,2-hexanediola, sodio poliakrilatoa, fenoxietanola, sodio hialuronatoa, alantoina, etilhexanodiola, karbomeroa, pantenola, arginina\nOliorik gabeko krema ultra hidratatzailea\nBetula Platyphylla Japonica zukua, Butilen Glikola, Glizerina, Dimetikona, Betaina, Cetearyl Alkohola, 1,2-Hexanediol, Cetearyl Olivate, Sorbitan Olivaate, Hydroxyethyl Acrylate / Sodium Acryloyldimethyltaurate Copolymer, Ethylhexylglyzerlygyl Hialuronatoa, Etil Hexanediola, Melaleuca Alternifolia (Te Zuhaitza) Hosto Olioa\n', 'Agua, cocamidopropil betaina, lauroil metil isetionato de sodio, polisorbato 20, extracto de rama / fruta / hoja de Styrax japonicus, butilenglicol, fermento de Saccharomyces, extracto de hoja de Cryptomeria japonica, extracto de hoja de Nelumbo nucifera, extracto de hoja de Pinus palustris, extracto de raiz de Ulmus o Davidiana Biennis (Onagra) Extracto de flor, Extracto de raiz de Pueraria Lobata, Aceite de hoja de Melaleuca Alternifolia (Arbol de te), Alantoina, Caprilil glicol, Etilhexilglicerina, Salicilato de betaina, Acido citrico, Etil Hexanodiol, 1,2-hexanodiol, Etilendiaminodisuccinato de sodio trisodico, EDTA disodico\nTonico de tratamiento aclarante AHA / BHA\nAgua, Salix Alba (Sauce) Agua de corteza, Pyrus Malus (Manzana) Agua de fruta, Butilenglicol, 1,2-Hexanodiol, Lactato de sodio, Acido glicolico, Salicilato de betaina, Alantoina, Pantenol, Etil Hexanodiol\nEsencia de poder de mucina Advanced Snail 96\nFiltrado de secrecion de caracol, betaina, butilenglicol, 1,2-hexanodiol, poliacrilato de sodio, fenoxietanol, hialuronato de sodio, alantoina, etilhexanodiol, carbomero, pantenol, arginina\nLocion ultra hidratante sin aceite\nBetula Platyphylla Japonica Jugo, Butilenglicol, Glicerina, Dimeticona, Betaina, Alcohol cetearilico, 1,2-Hexanodiol, Olivato de cetearilo, Olivato de sorbitan, Acrilato de hidroxietilo / Copolimero de acriloildimetiltaurato de sodio, Etilhexilalglicerina, Aceite de citrusilaglicerina, Pantenol, goma xantana, lactato de sodio, hialuronato de sodio, etil hexanodiol, aceite de hoja de Melaleuca Alternifolia (arbol del te)\n', 'Water, Cocamidopropyl Betaine, Sodium Lauroyl Methyl Isethionate, Polysorbate 20, Styrax Japonicus Branch/Fruit/Leaf Extract, Butylene Glycol, Saccharomyces Ferment, Cryptomeria Japonica Leaf Extract, Nelumbo Nucifera Leaf Extract, Pinus Palustris Leaf Extract, Ulmus Davidiana Root Extract, Oenothera Biennis (Evening Primrose) Flower Extract, Pueraria Lobata Root Extract, Melaleuca Alternifolia (Tea Tree) Leaf Oil, Allantoin, Caprylyl Glycol, Ethylhexylglycerin, Betaine Salicylate, Citric Acid, Ethyl Hexanediol, 1,2-Hexanediol, Trisodium Ethylenediamine Disuccinate, Sodium Benzoate, Disodium EDTA\nAHA/BHA Clarifying Treatment Toner\nWater, Salix Alba (Willow) Bark Water, Pyrus Malus (Apple) Fruit Water, Butylene Glycol, 1,2-Hexanediol, Sodium Lactate, Glycolic Acid, Betaine Salicylate, Allantoin, Panthenol, Ethyl Hexanediol\nAdvanced Snail 96 Mucin Power Essence\nSnail Secretion Filtrate, Betaine, Butylene Glycol, 1,2-Hexanediol, Sodium Polyacrylate, Phenoxyethanol, Sodium Hyaluronate, Allantoin, Ethyl Hexanediol, Carbomer, Panthenol, Arginine\nOil - free Ultra Moisturizing Lotion\nBetula Platyphylla Japonica Juice, Butylene Glycol, Glycerin, Dimethicone, Betaine, Cetearyl Alcohol, 1,2-Hexanediol, Cetearyl Olivate, Sorbitan Olivate, Hydroxyethyl Acrylate/Sodium Acryloyldimethyl Taurate Copolymer, Ethylhexylglycerin, Citrus Medica Limonum (Lemon) Peel Oil, Allantoin, Panthenol, Xanthan Gum, Sodium Lactate, Sodium Hyaluronate, Ethyl Hexanediol, Melaleuca Alternifolia (Tea Tree) Leaf Oil', 10, 'NULL', 10, '25.00', '2021-04-12', 0, 'CX'),
('M0001A', 'PHYTOCHEMICAL SKIN SUPPLEMENT MASK LYCOPHENE (PEELING TONE UP) MASKARILA', 'MASCARILLA PHYTOCHEMICAL SKIN SUPPLEMENT MASK LYCOPHENE (PEELING TONE UP)', 'PHYTOCHEMICAL SKIN SUPPLEMENT MASK LYCOPHENE (PEELING TONE UP)', 'PHYTOCHEMICAL inguruko aurpegiko maskara. \nFruitu gorri eta osagai naturalekin, argitasuna ematen dio aurpegiari.\n', 'Mascarilla facial de la linea PHYTOCHEMICAL. \nA base de frutos e ingredientes naturales rojos proporciona luminosidad al rostro.\n', 'Facial mask of the PHYTOCHEMICAL line. \nBased on red fruits and natural ingredients, it provides luminosity to the face.\n', 'Ura, Triglizerido Kaprilikoa / Kaprikoa, Glizerina, Dipropilenglikola, Niazinamida, Propanediola, Sorbitan Estearatoa, 1,2-Hexanediola, Glizeril Estearatoa, Sorbitano Seskioleatoa, Arginina, Karbomeroa, Allantoina, Trehalosa, Glizerol Glizerol Glosserola (Erregaliz) Sustrai Extract, Coptis Chinensis Sustrai Extract, Ethylhexylglycerin, Adenosine, Dipotassium Glycyrrhizate, Disodium EDTA, Citric Lemon (Lemon) Sodium Hyaluside Leaf Extract Oil, Geranium Oil maculatum, citrus paradisi (pomeloa) zuritu olioa, Melale hosto olioa, wisteria soja (soja) hazia ateratzea, pueraria lobata erro extractoa', 'Agua, triglicerido caprilico / caprico, glicerina, dipropilenglicol, niacinamida, propanodiol, estearato de sorbitan, 1,2-hexanodiol, estearato de glicerilo, sesquioleato de sorbitan, arginina, carbomero, alantoina, trehalosa, hidroxietilcococelulosa, butilen glicolina Extracto de raiz de Zingiber Officinale (jengibre), Extracto de raiz de Glycyrrhiza glabra (Regaliz), Extracto de raiz de Coptis Chinensis, Etilhexilglicerina, Adenosina, Glicirricato de dipotasio, EDTA disodico, Limon citrico (Limon) Extracto de hoja de hialusuro de sodio Aceite, aceite de geranio maculatum, aceite de cascara de citrus paradisi (pomelo), aceite de hoja de Melaleuca alternifolia (arbol de te), extracto de semilla de glicina soja (soja), extracto de raiz de pueraria lobata', 'Water, caprylic / capric triglyceride, glycerin, dipropylene glycol, niacinamide, propanediol, sorbitan stearate, 1,2-hexanediol, glyceryl stearate, sorbitan seskioleate, arginine, carbomer, allantoin, trehalose, glyceryl glycerol extract (glyceryl glyceryl extract) ) Adenosine, Dipotassium Glycyrrhizate, Disodium EDTA, Citrus Lemon (Lemon), Sodium Hyaluside Leaf Extract Oil, Geranium Maculatum Oil, Citrus Paradisi (Grapefruit) Peel Oil, Melale Leaf Oil, Seed Extract Extract soy glycine', 2, '25ml', 0, '2.90', '2021-03-06', 0, 'MA'),
('M0002A', 'PHYTOCHEMICAL SKIN SUPPLEMENT MASK ISOFLAVONE (DEEP MOISTURE) MASKARILA', 'MASCARILLA PHYTOCHEMICAL SKIN SUPPLEMENT MASK ISOFLAVONE  (DEEP MOISTURE)', 'PHYTOCHEMICAL SKIN SUPPLEMENT MASK ISOFLAVONE  (DEEP MOISTURE)', 'PHYTOCHEMICAL inguruko aurpegiko maskara. \nSojaz eta babarrunez baliatuta, hidratazio sakona egiten du azal heze batentzat, egun osorako.\n', 'Mascarilla facial de la linea PHYTOCHEMICAL. \nA base de soja y frijoles proporciona una hidratacion profunda para una piel humeda durante todo el dia.\n', 'Facial mask of the PHYTOCHEMICAL line. \nSoy and bean based, provides deep hydration for all day skin moisture.\n', 'Ura, Triglizerido Kapilikoa / Kaprikoa, Glizerina, Dipropilenglikola, Niazinamida, Propanediola, Sorbitan Estearatoa, 1,2-Hexanediola, Glizeril Estearatoa, Sorbitano Seskioleatoa, Arginina, Karbomeroa, Allantoina, Glikolabiotiko Glukolioartilenartilarrotikoa. ), Coptis Chinensis Root Extract, Ethylhexylglycerin, Adenosine, Dipotassium Glycyrrhizate, Disodium EDTA, Citrus Lemon Hyaluside Sodium Extract Geranium maculatum olioa, Pomelo tea zuhaitza (alternifolia) hosto olioa, Glycine hazia extract soja (soja), pueraria lobata\n', 'Agua, triglicerido caprilico / caprico, glicerina, dipropilenglicol, niacinamida, propanodiol, estearato de sorbitan, 1,2-hexanodiol, estearato de glicerilo, sesquioleato de sorbitan, arginina, carbomero, alantoina, trehalosa, hidroxietilcococelulosa, butilen glicolina Extracto de raiz de Zingiber Officinale (jengibre), Extracto de raiz de Glycyrrhiza glabra (Regaliz), Extracto de raiz de Coptis Chinensis, Etilhexilglicerina, Adenosina, Glicirricato de dipotasio, EDTA disodico, Limon citrico (Limon) Extracto de hoja de hialusuro de sodio Aceite, aceite de geranio maculatum, aceite de cascara de citrus paradisi (pomelo), aceite de hoja de Melaleuca alternifolia (arbol de te), extracto de semilla de glicina soja (soja), extracto de raiz de pueraria lobata', 'Water, Caprylic / Capric Triglyceride, Glycerin, Dipropylene Glycol, Niacinamide, Propanediol, Sorbitan Stearate, 1,2-Hexanediol, Glyceryl Stearate, Sorbitan Sesquioleate, Arginine, Carbomer, Allantoin, Trehalosene Glycoxyethyl Root Extraction from Zingiber Officinale (ginger), Glycyrrhiza glabra (Licorice) Root Extract, Coptis Chinensis Root Extract, Ethylhexylglycerin, Adenosine, Dipotassium Glycyrrhizate, Disodium EDTA, Citrus Lemon (Lemon) Extract of Sodium Hyaluside Oil geranium maculatum, citrus paradisi (grapefruit) peel oil, Melaleuca alternifolia (tea tree) leaf oil, glycine soybean (soybean) seed extract, pueraria lobata root extract', 30, '25ml', 50, '2.90', '2021-04-09', 0, 'MA'),
('M0003A', 'PHYTOCHEMICAL SKIN SUPPLEMENT MASK CHLOROPHYLL (AC CARE) MASKARILA', 'MASCARILLA PHYTOCHEMICAL SKIN SUPPLEMENT MASK CHLOROPHYLL (AC CARE)', 'PHYTOCHEMICAL SKIN SUPPLEMENT MASK CHLOROPHYLL (AC CARE)', 'PHYTOCHEMICAL inguruko aurpegiko maskara. \nBarazki berdeen bidez, larru sentikorrak eta/edo narritatuak modu intentsibo eta sakonean zaintzeko.\n', 'Mascarilla facial de la linea PHYTOCHEMICAL. \nA base de verduras verdes para un cuidado intensivo y profundo de las pieles sensibles y/o irritadas.\n', 'Facial mask of the PHYTOCHEMICAL line. \nBased on green vegetables for an intensive and deep care of sensitive and/or irritated skin.\n', 'Ura, triglizerido kaprilikoa / kapricoa, glizerina, dipropilenglikola, niazinamida, propanediola, sorbitan estearatoa, 1,2-hexanediola, glizeril estearatoa, sorbitano seskioleatoa, arginina, karbomeroa, alantoina, trehalosa, jengibre etil officinalis. Sustrai Atera, Coptis Chinensis Sustrai Atera, Etilhexilglizerina, Adenosina, Glikirrizina Gordailua, Disodio EDTA, Citrus Limoi Sodio Hialusita Hosto Olioa, Maculatum, Citrus paradisi (Pomeloa) Larruazaleko Olioa, Melaleuca alternifolia (Soja) Tea)', 'Agua, triglicerido caprilico / caprico, glicerina, dipropilenglicol, niacinamida, propanodiol, estearato de sorbitan, 1,2-hexanodiol, estearato de glicerilo, sesquioleato de sorbitan, arginina, carbomero, alantoina, trehalosa, hidroxietilcococelulosa, butilen glicolina Extracto de raiz de Zingiber Officinale (jengibre), Extracto de raiz de Glycyrrhiza glabra (Regaliz), Extracto de raiz de Coptis Chinensis, Etilhexilglicerina, Adenosina, Glicirricato de dipotasio, EDTA disodico, Limon citrico (Limon) Extracto de hoja de hialusuro de sodio Aceite, aceite de geranio maculatum, aceite de cascara de citrus paradisi (pomelo), aceite de hoja de Melaleuca alternifolia (arbol de te), extracto de semilla de glicina soja (soja), extracto de raiz de pueraria lobata', 'Water, Caprylic / Capric Triglyceride, Glycerin, Dipropylene Glycol, Niacinamide, Propanediol, Sorbitan Stearate, 1,2-Hexanediol, Glyceryl Stearate, Sorbitan Seskioleate, Arginine, Carbomer, Allantoin, Trehalose, Ethyl officinalis Root Extract, J Root Extract Coptis Chinensis Root, Ethylhexylglycerin, Adenosine, Glycyrrhizin Deposit, Disodium EDTA, Citrus Hyalusite Leaf Oil Sodium Lemon, Maculate, Citrus paradisi (Grapefruit) Skin Oil, Melaleuca alternifolia (Soybean) Tea', 13, '25ml', 25, '2.90', '2020-05-07', 0, 'MA'),
('M0004A', 'PHYTOCHEMICAL SKIN SUPPLEMENT MASK CATECHIN (HYDRATING) MASKARILA', 'MASCARILLA PHYTOCHEMICAL SKIN SUPPLEMENT MASK CATECHIN (HYDRATING)', 'PHYTOCHEMICAL SKIN SUPPLEMENT MASK CATECHIN (HYDRATING)', 'PHYTOCHEMICAL inguruko aurpegiko maskara. \nFruitu berde eta osagai naturalekin, asko hidratatzen du.\n', 'Mascarilla facial de la linea PHYTOCHEMICAL. \nA base de frutos e ingredientes naturales verdes proporciona una hidratacion intensa.\n', 'Facial mask of the PHYTOCHEMICAL line. \n Based on green fruits and natural ingredients, it provides intense hydration.\n', 'Ura, Triglizerido Kaprilikoa / Kaprikoa, Glizerina, Dipropilenglikola, Niazinamida, Propanediola, Sorbitan Estearatoa, 1,2-Hexanediola, Glizeril Estearatoa, Sorbitano Seskioleatoa, Arginina, Karbomeroa, Allantoina, Trehalosa, Glizerol Glizerol Glosserola (Erregaliz) Sustrai Extract, Coptis Chinensis Sustrai Extract, Ethylhexylglycerin, Adenosine, Dipotassium Glycyrrhizate, Disodium EDTA, Citric Lemon (Lemon) Sodium Hyaluside Leaf Extract Oil, Geranium Oil maculatum, citrus paradisi (pomeloa) zuritu olioa, Melale hosto olioa, wisteria soja (soja) hazia ateratzea, pueraria lobata sustraia extractoa', 'Agua, triglicerido caprilico / caprico, glicerina, dipropilenglicol, niacinamida, propanodiol, estearato de sorbitan, 1,2-hexanodiol, estearato de glicerilo, sesquioleato de sorbitan, arginina, carbomero, alantoina, trehalosa, hidroxietilcococelulosa, butilen glicolina Extracto de raiz de Zingiber Officinale (jengibre), Extracto de raiz de Glycyrrhiza glabra (Regaliz), Extracto de raiz de Coptis Chinensis, Etilhexilglicerina, Adenosina, Glicirricato de dipotasio, EDTA disodico, Limon citrico (Limon) Extracto de hoja de hialusuro de sodio Aceite, aceite de geranio maculatum, aceite de cascara de citrus paradisi (pomelo), aceite de hoja de Melaleuca alternifolia (arbol de te), extracto de semilla de glicina soja (soja), extracto de raiz de pueraria lobata', 'Water, Caprylic / Capric Triglyceride, Glycerin, Dipropylene Glycol, Niacinamide, Propanediol, Sorbitan Stearate, 1,2-Hexanediol, Glyceryl Stearate, Sorbitan Sesquioleate, Arginine, Carbomer, Allantoin, Trehalose, Ginger Zibercocin Root Glycyrrhiza glabra (Licorice) Root Extract, Coptis Chinensis Root Extract, Ethylhexylglycerin, Adenosine, Dipotassium Glycyrrhizate, Disodium EDTA, Citrus Lemon (Lemon) Sodium Hyaluside Leaf Extract, Geranium Maculatum Oil, Peel Oil citrus paradisi (grapefruit), Melaleuca alternifolia (tea tree) leaf oil, glycine soybean (soybean) seed extract, pueraria lobata root extract', 0, '25ml', 10, '2.90', '2020-05-05', 0, 'MA'),
('M0005A', 'PHYTOCHEMICAL SKIN SUPPLEMENT MASK BETACAROTENE (NOURISHING) MASKARILA', 'MASCARILLA PHYTOCHEMICAL SKIN SUPPLEMENT MASK BETACAROTENE (NOURISHING)', 'PHYTOCHEMICAL SKIN SUPPLEMENT MASK BETACAROTENE (NOURISHING)', 'PHYTOCHEMICAL inguruko aurpegiko maskara. \nFruitu hori eta osagai naturalekin, nutrizio bizia ematen dio aurpegiari.\n', 'Mascarilla facial de la linea PHYTOCHEMICAL. \nA base de frutos e ingredientes naturales amarillos proporciona una nutricion intensa al rostro.\n', 'Facial mask of the PHYTOCHEMICAL line. \nBased on yellow fruits and natural ingredients, it provides intense nourishment to the face.\n', 'Ura, triglizerido kaprilikoa / kapricoa, glizerina, dipropilenglikola, niazinamida, propanediola, sorbitan estearatoa, 1,2-hexanediola, glizeril estearatoa, sorbitano seskioleatoa, arginina, karbomeroa, alantoina, trehalosa, jengibre-etil officinale. Sustrai Atera, Coptis Chinensis Sustrai Atera, Etilhexilglizerina, Adenosina, Dipotasio Glikirrizatua, Disodio EDTA, Zitriko Limoi Sodio Hialusitazko hosto Olioa, Maculatum, Citrus paradisi azala olioa (pomeloa), Melaleuca tea alternifolia (soja alternifolia) ), pueraria lobata root extract', 'Agua, triglicerido caprilico / caprico, glicerina, dipropilenglicol, niacinamida, propanodiol, estearato de sorbitan, 1,2-hexanodiol, estearato de glicerilo, sesquioleato de sorbitan, arginina, carbomero, alantoina, trehalosa, hidroxietilcococelulosa, butilen glicolina Extracto de raiz de Zingiber Officinale (jengibre), Extracto de raiz de Glycyrrhiza glabra (Regaliz), Extracto de raiz de Coptis Chinensis, Etilhexilglicerina, Adenosina, Glicirricato de dipotasio, EDTA disodico, Limon citrico (Limon) Extracto de hoja de hialusuro de sodio Aceite, aceite de geranio maculatum, aceite de cascara de citrus paradisi (pomelo), aceite de hoja de Melaleuca alternifolia (arbol de te), extracto de semilla de glicina soja (soja), extracto de raiz de pueraria lobata', 'Water, caprylic / capric triglyceride, glycerin, dipropylene glycol, niacinamide, propanediol, sorbitan stearate, 1,2-hexanediol, glyceryl stearate, sorbitan seskioleate, arginine, carbomer, allantoin, trehalose, ginger ethyl officinalis. Root Extract, Coptis Chinensis Root Extract, Ethylhexylglycerin, Adenosine, Glycyrrhizin Deposit, Disodium EDTA, Citrus Lemon Sodium Hyalusite Leaf Oil, Maculatum, Citrus paradisi (Grapefruit) Skin Oil, Melaleuca alternifolia (Soybean) Tea )', 5, '25ml', 0, '2.90', '2020-06-03', 0, 'MA'),
('M0006A', 'SHEETPHYTOCHEMICAL SKIN SUPPLEMENT MASK ANTHOCYANIN (LIFTING) MASKARILA', 'MASCARILLA SHEETPHYTOCHEMICAL SKIN SUPPLEMENT ANTHOCYANIN (LIFTING)', 'PHYTOCHEMICAL SKIN SUPPLEMENT MASK ANTHOCYANIN (LIFTING)', 'PHYTOCHEMICAL inguruko aurpegiko maskara. \nFruitu more eta osagai naturalekin, sendotasuna eta elastikotasuna ematen dio aurpegiari.\n', 'Mascarilla facial de la linea PHYTOCHEMICAL. \nA base de frutos e ingredientes naturales morados proporciona firmeza y elasticidad al rostro.\n', 'Facial mask of the PHYTOCHEMICAL line. \nBased on purple fruits and natural ingredients, it provides firmness and elasticity to the face.\n', 'Ura, Triglizerido Kaprilikoa / Kaprikoa, Glizerina, Dipropilenglikola, Niazinamida, Propanediola, Sorbitan Estearatoa, 1,2-Hexanediola, Glizeril Estearatoa, Sorbitano Seskioleatoa, Arginina, Karbomeroa, Allantoina, Trehalosa, Jengibre Erroa, Zibercozin Erroxina, Zibercocilina Erroina Adenosina, Dipotasio glikirrizatua, EDTA disodikoa, Citrus Citron Sodium Hyaluside Leaf Extract (Lemon), Maculatum Geranium Oil, Citrus paradisi (Grapefruit) Peel Oil, Melaleuca, Soybean Oil (tea tree)) seed extract, pueraria lobata root extract', 'Agua, triglicerido caprilico / caprico, glicerina, dipropilenglicol, niacinamida, propanodiol, estearato de sorbitan, 1,2-hexanodiol, estearato de glicerilo, sesquioleato de sorbitan, arginina, carbomero, alantoina, trehalosa, hidroxietilcococelulosa, butilen glicolina Extracto de raiz de Zingiber Officinale (jengibre), Extracto de raiz de Glycyrrhiza glabra (Regaliz), Extracto de raiz de Coptis Chinensis, Etilhexilglicerina, Adenosina, Glicirricato de dipotasio, EDTA disodico, Limon citrico (Limon) Extracto de hoja de hialusuro de sodio Aceite, aceite de geranio maculatum, aceite de cascara de citrus paradisi (pomelo), aceite de hoja de Melaleuca alternifolia (arbol de te), extracto de semilla de glicina soja (soja), extracto de raiz de pueraria lobata', 'Water, Caprylic / Capric Triglyceride, Glycerin, Dipropylene Glycol, Niacinamide, Propanediol, Sorbitan Stearate, 1,2-Hexanediol, Glyceryl Stearate, Sorbitan Sesquioleate, Arginine, Carbomer, Allantoin, Trehalose, Ginger Zibercocin Root Glycyrrhiza glabra (Licorice) Root Extract, Coptis Chinensis Root Extract, Ethylhexylglycerin, Adenosine, Dipotassium Glycyrrhizate, Disodium EDTA, Citrus Lemon (Lemon) Sodium Hyaluside Leaf Extract, Geranium Maculatum Oil, Peel Oil citrus paradisi (grapefruit), Melaleuca alternifolia (tea tree) leaf oil, glycine soybean (soybean) seed extract, pueraria lobata root extract', 5, '25ml', 20, '2.90', '2021-04-09', 0, 'MA'),
('M0007A', 'MASCURE WHITENING SOLUTION SHEET MASKARILA', 'MASCARILLA MASCURE WHITENING CARE SOLUTION SHEET', 'MASCURE WHITENING SOLUTION SHEET MASK', 'Mascure inguruko aurpegi maskara, azala modu intentsiboan zaintzeko. \nDermatologikoki aztertuta, glutathionez egindako maskara honek argitasuna ematen die itzalitako larruazalei, erradiazio ondorioei aurre egiteko.\n', 'Mascarilla facial de la linea Mascure para el cuidado intensivo de la piel.\nTestado dermatologicamente, esta mascarilla proporciona recupera la humedad perdida y crea una barrera natural para combatir los factores externos.\n', 'Facial mask from the Mascure range for intensive skin care. \nThis mask is dermatologically tested, this glutathione-based mask provides radiance to dull skin for a radiant effect.\n', 'Ura, butilenglikola, glizerina, niazinamida, 1,2-hexanediol, glizerina, triglizerido kaprilikoa / kaprikoa, ura, lezitina hidrogenatua, fitosteril / oktilodecil lauroyl glutamatoa, zeramida NP, sodio hialuronatoa, ura, 1,2-hexanol, etil-etiloa -etil, Ura, 1,2-hexanediol, sodio hialuronatoa, Citrus Aurantium Bergamia (bergamota), fruta olioa, trehalosa, alantoina, dipotasio glizirrizatua, xantana goma, karbomeroa, arginina, PEG-60 hidrogenozko olio errekorra, etilhexilglizerina disodikoa.', 'Agua, butilenglicol, glicerina, niacinamida, 1,2-hexanodiol, glicerina, triglicerido caprilico / caprico, agua, lecitina hidrogenada, fitosteril / octildodecil lauroil glutamato, ceramida NP, hialuronato de sodio, agua, 1,2-hexanodiol, etil-etilhenglicero , Agua, 1,2-hexanodiol, hialuronato de sodio, Citrus Aurantium Bergamia (bergamota), aceite de frutas, trehalosa, alantoina, glicirrizato dipotasico, goma xantana, carbomero, arginina, aceite de ricino hidrogenado PEG-60, etilhexilglicerina disodica.', 'Water, butylene glycol, glycerin, niacinamide, 1,2-hexanediol, glycerin, caprylic / capric triglyceride, water, hydrogenated lecithin, phytosteryl / octylodecyl lauroyl glutamate, ceramide NP, sodium hyaluronate, water, 1,2-hexanol ethyl, water, 1,2-Hexanediol, Sodium Hyaluronate, Citrus Aurantium Bergamia (Bergamot), Fruit Oil, Trehalose, Allantoin, Glycyrrhizinated Dipotassium, Xanthan Gum, Carbomer, Arginine, PEG-60 Hydrogen Oil Log, Ethylhexylglycerin', 10, '28ml', 5, '2.90', '2021-04-08', 0, 'MA'),
('M0008A', 'MASCURE RESCUE SOLUTION SHEET MASKARILA', 'MASCARILLA MASCURE RESCUE CARE SOLUTION SHEET', 'MASCURE RESCUE SOLUTION SHEET MASK', 'Mascure inguruko aurpegi maskara, azala modu intentsiboan zaintzeko. \nDermatologikoki aztertuta, maskara honek galdutako hezetasuna berreskuratzen du eta kanpoko faktoreei aurre egiteko hesi natural bat sortzen du.\n', 'Mascarilla facial de la linea Mascure para el cuidado intensivo de la piel.\nTestado dermatologicamente, esta mascarilla proporciona recupera la humedad perdida y crea una barrera natural para combatir los factores externos.\n', 'Facial mask from the Mascure range for intensive skin care. \nThis mask is dermatologically tested, restores lost moisture and creates a natural barrier to combat external factors.\n', 'Ura, glizerina, butilenglikola, triglizerido kaprilikoa / kaprikoa, 1,2-hexanediola, ura, 1,2-hexanediola, gotu kolako hostoa, madecassoside, butyrospermum parkii (karea) gurina, macadamia integrifolia hazi olioa, olioa Pelargonium graveolens lore, Glizerina, Triglicerido Kaprilikoa / Kaprikoa, Ura, Lezitina Hidrogenatua, Fitosteril / Otiledodezil Lauroyl Glutamatoa, Ceramida NP, Sodio Hialuronatoa, Sodio Hialuronatoa, Sodio Dicaprylate / Dicapathoxide butylopathoxide Butoxopathoxide Butoxopathoxide Butoxopathoxide Butylopathoxide isostearatoa, ura, Gum-1 biosakaridoa, etilhexilglizerina, 1,2-hex', 'Agua, glicerina, butilenglicol, triglicerido caprilico / caprico, 1, 2-hexanodiol, agua, 1, 2-hexanodiol, extracto de hoja de centella asiatica, madecassoside, mantequilla de butyrospermum parkii (karite), aceite de semilla de macadamia integrifolia, aceite de flor de pelargonium graveolens, Glicerina, Triglicerido Caprilico / Caprico, Agua, LeCIitina Hidrogenada, Fitosteril / Octildodecil Lauroil Glutamato, Ceramida NP, Hialuronato de Sodio, Hialuronato de Sodio, Dicaprilato / Dicaprato de Butilenglicol, Cetil Etilhexanoometa, Cetilhexanoometanato, Carratiolatalamina, Alcalodonato de carbonato de sodio, Carramida Estearato de glicerilo, hidroxietilcelulosa, poliacrilato-13, poliisobuteno, polisorbato 20, agua, isoestearato de sorbitan, agua, biosacarido Gum-1, etilhexilglicerina, 1, 2-hexanodiol, polisorbato 60, etilhexilglicerina, disodio', 'Water, glycerin, butylene glycol, caprylic / capric triglyceride, 1,2-hexanediol, water, 1,2-hexanediol, gotu kola leaf extract, madecassoside, butyrospermum parkii (shea) butter, macadamia integrifolia seed oil, oil Pelargonium graveolens flower, Glycerin, Caprylic / Capric Triglyceride, Water, Hydrogenated LeCIithin, Phytosteril / Octyldodecyl Lauroyl Glutamate, Ceramide NP, Sodium Hyaluronate, Sodium Hyaluronate, Sodium Dicaprylate / Dicapatotan Dicapatotan, Butylexicapathoxide Heteroxide, Butylexicapathoxide Sodium / Butylexicapatotan Dicapatotan Carramide Glyceryl stearate, hydroxyethyl cellulose, polyacrylate-13, polyisobutene, polysorbate', 50, '28ml', 0, '2.90', '2021-04-09', 0, 'MA'),
('M0009A', 'MASCURE PEELING SOLUTION SHEET MASKARILA', 'MASCARILLA MASCURE PEELING CARE SOLUTION SHEET', 'MASCURE PEELING SOLUTION SHEET MASK', 'Mascure inguruko aurpegi maskara, azala modu intentsiboan zaintzeko. \nDermatologikoki aztertuta, maskara horrek argitasuna ematen dio kolore bateratuko azal indarberritu bati.\n', 'Mascarilla facial de la linea Mascure para el cuidado intensivo de la piel.\nTestado dermatologicamente, esta mascarilla proporciona luminosidad para una piel revitalizada y con un tono unificado.\n', 'Facial mask from the Mascure range for intensive skin care. \nThis mask is dermatologically tested and provides radiance for a revitalized and unified skin tone.\n', 'poliohidroxi azidoek antioxidatzaile, exfoliante gisa funtzionatzen dute eta larruazalaren gainazalaren indarraren hobekuntza sustatzen dute. Glizerinak hidratatu eta larruazala narritatzen duenetik babesten du. Alantoina larruazaleko osagai lasaigarria da, zauriak sendatzea ere sustatzen duena. Arginina hidratante naturala da eta zauriak sendatzea ere sustatzen du.', 'Los polihidroxiacidos funcionan como antioxidantes, exfoliantes y promueven la mejora de la fuerza de la superficie de la piel.La glicerina hidrata y protege tu piel contra las irritaciones.Ceramide NP es un hidratante importante y ayuda a mejorar la barrera de hidratacion natural de la piel. La alantoina es un ingrediente calmante de la piel que tambien promueve la cicatrizacion de heridas. La arginina es un hidratante natural y tambien promueve la cicatrizacion de heridas.', 'Polyhydroxy acids act as antioxidants, exfoliants and promote the improvement of the strength of the skin\'s surface. Glycerin protects against skin hydration and irritation. Allantoin is a soothing ingredient in the skin that also promotes wound healing. Arginine is a natural moisturizer and also promotes wound healing.', 20, '28ml', 0, '2.90', '2021-04-01', 0, 'MA'),
('M0010A', 'MASCURE NUTRITION SOLUTION SHEET MASKARILA', 'MASCARILLA MASCURE NUTRITION CARE SOLUTION SHEET', 'MASCURE NUTRITION SOLUTION SHEET MASK', 'Mascure inguruko aurpegi maskara, azala modu intentsiboan zaintzeko. \nDermatologikoki aztertuta, maskara horrek argitasuna ematen dio kolore bateratuko azal indarberritu bati.\n', 'Mascarilla facial de la linea Mascure para el cuidado intensivo de la piel.\nTestado dermatologicamente, esta mascarilla proporciona luminosidad para una piel revitalizada y con un tono unificado.\n', 'Facial mask from the Mascure range for intensive skin care. \nThis mask is dermatologically tested and provides radiance for a revitalized and unified skin tone.\n', 'Ura, glizerina, butilenglikola, triglizerido kaprilikoa / kaprikoa, 1,2-hexanediola, ura, 1,2-hexanediola, gotu kolako hostoa, madecassoside, butyrospermum parkii (karea) gurina, macadamia integrifolia hazi olioa, olioa Pelargonium graveolens lore, Glizerina, Triglicerido Kaprilikoa / Kaprikoa, Ura, LeCIitina Hidrogenatua, Fitosteril / Otilododezil Lauroyl Glutamatoa, NP Zeramida, Sodio Hialuronatoa, Sodio Hialuronatoa, Dicapril / Dicaprato, Cetanoxietanetoxiletanoxilamina Detanetoxoxietanola. 13, poliisobutenoa, polisorbatoa 20, ura, sorbitano isostearatoa, ura, Gum-1 biosakaridoa, etilhexilglizerina, 1,2-hexanediol, polisorbatoa 60, etilhexil glizerina\n', 'Agua, glicerina, butilenglicol, triglicerido caprilico / caprico, 1, 2-hexanodiol, agua, 1, 2-hexanodiol, extracto de hoja de centella asiatica, madecassoside, mantequilla de butyrospermum parkii (karite), aceite de semilla de macadamia integrifolia, aceite de flor de pelargonium graveolens, Glicerina, Triglicerido Caprilico / Caprico, Agua, LeCIitina Hidrogenada, Fitosteril / Octildodecil Lauroil Glutamato, Ceramida NP, Hialuronato de Sodio, Hialuronato de Sodio, Dicaprilato / Dicaprato de Butilenglicol, Cetil Etilhexanoometa, Cetilhexanoometanato, Carratiolatalamina, Alcalodonato de carbonato de sodio, Carramida Estearato de glicerilo, hidroxietilcelulosa, poliacrilato-13, poliisobuteno, polisorbato 20, agua, isoestearato de sorbitan, agua, biosacarido Gum-1, etilhexilglicerina, 1, 2-hexanodiol, polisorbato 60, etilhexilglicerina, disodio\n', 'Water, glycerin, butylene glycol, caprylic / capric triglyceride, 1,2-hexanediol, water, 1,2-hexanediol, gotu kola leaf extract, madecassoside, butyrospermum parkii (shea) butter, macadamia integrifolia seed oil, oil Pelargonium graveolens flower, Glycerin, Caprylic / Capric Triglyceride, Water, Hydrogenated LeCIithin, Phytosteryl / Octyldodecyl Lauroyl Glutamate, Ceramide NP, Sodium Hyaluronate, Sodium Hyaluronate, Dicapryl / Dicaprate, Butylene Cethanolathylamine,', 20, '28ml', 20, '2.90', '2021-04-05', 0, 'MA'),
('M0011A', 'CALMING SOLUTION SOLUTION SHEET MASKARILA', 'MASCARILLA SOLUTION CARE SOLUTION SHEET', 'MASCURE HYDRA SOLUTION SHEET MASK', 'Eman hidratazio-dosi handia larruazalari, ez bat, baizik eta BOST azido hialuroniko geruza dituen maskara honekin. Formulak hezetasunaren berehalako leherketa eragiten du, eta, aldi berean, hidratazio-mailari eusten dio, lehortzea saihesten du eta larruazalari itxura sendoagoa ematen dio. Hyaluthione, azido hialuronikoaren eta glutationaren markaren nahasketak, zurbil eta distiratsu bihurtzen du\nPaketeak 33 orriko maskarak ditu. Maskarak kaxatxo batean datoz, eta atera egin daitezke, mini-pintzekin erabiltzeko. Tencel% 100 oihalez egina, maskarak larruazalari itsasten zaizkio, esentzia ahalik eta gehien emanez eta 15-20 minutuz mugitzen utziz.\n', 'La formula proporciona una explosion instantanea de humedad, al tiempo que mantiene los niveles de hidratacion, previene la sequedad y le da a la piel una apariencia mas firme. Hyaluthione, la mezcla de la marca de acido hialuronico y glutation, promueve una tez brillante y clara.\nEl paquete contiene mascaras de 33 hojas. Las mascarillas vienen en una cajita y se pueden extraer para usar con las mini pinzas incluidas. Hecho de tela 100% Tencel, las mascaras se adhieren efectivamente a la piel, maximizando la entrega de esencia y permitiendole moverse durante el uso de 15-20 minutos.\n', 'Give thirsty skin an intense dose of hydration with this mask that delivers not one, but FIVE layers of hyaluronic acid. The formula provides an instant burst of moisture while maintaining hydration levels, preventing dryness and giving skin a firmer appearance. Hyaluthione, the brand\'s blend of hyaluronic acid and glutathione, promotes a bright, clear complexion. \n The pack contains 33 sheet masks. The masks come in a small box and can be removed for use with the included mini tweezers. Made from 100% Tencel fabric, the masks effectively adheres to the skin, maximizing the scent and allowing you to move around during 15-20 minutes of use.\n', 'Ura, butilenglikola, glizerina, 1,2-hexanediol, ura, 1,2-hexanediol, sodio hialuronatoa, olio zitrikoak aurantium bergamia (bergamota), geranium maculatum olioa, salvia officinalis olioa (salbia), cablin pogostemon olioa, glizerina, triglizerido kaprilikoa / kaprikoa, ura, lezitina hidrogenatua, fitosteril / oktilodezil lauril glutamatoa, NP zeramida, sodio hialuronatoa, sodio hialuronatoa, ura, 1,2-hexanediol, sodio azetilatu hialuronatoa, azido klorhidrikoa, p-60 xilitrona, etilhexodi.', 'Agua, butilenglicol, glicerina, 1,2-hexanodiol, agua, 1,2-hexanodiol, hialuronato de sodio, aceite de fruta Citrus Aurantium Bergamia (bergamota), aceite de geranio maculatum, aceite de salvia officinalis (salvia), aceite de cablin de pogostemon, glicerina, Triglicerido caprilico / caprico, agua, lecitina hidrogenada, fitosteril / octildodecil lauroil glutamato, ceramida NP, hialuronato sodico, hialuronato sodico, agua, 1,2-hexanodiol, hialuronato acetilado sodico, acido hialuronico hidrolizado, alilantocianato de sodio, xilitronato de magnesio , Carbomero, arginina, aceite de ricino hidrogenado PEG-60, etilhexilglicerina, EDTA disodico.', 'Water, butylene glycol, glycerin, 1,2-hexanediol, water, 1,2-hexanediol, sodium hyaluronate, citrus oils aurantium bergamia (bergamot), geranium maculatum oil, salvia officinalis oil (sage), cablin pogostemon oil, glycerin, triglycerides / caprice, water, hydrogenated lecithin, phytosteryl / octylodezyl lauryl glutamate, NP ceramide, sodium hyaluronate, sodium hyaluronate, water, 1,2-hexanediol, sodium acetylated hyaluronate, hydrochloric acid, p-60 xylitrone, et .', 20, '28ml', 10, '2.90', '2021-04-01', 0, 'MA'),
('M0012A', 'CALMING CERAMIDE SOLUTION SHEET MASKARILA', 'MASCARILLA CERAMIDE CARE SOLUTION SHEET', 'MASCURE CERAMIDE SOLUTION SHEET MASK', 'Mascure inguruko aurpegi maskara, azala modu intentsiboan zaintzeko. \nDermatologikoki aztertuta,maskara hori ezin hobea da zeramikaz egindako hidratazio bizia behar duten azal sentikorretarako.\n', 'Mascarilla facial de la linea Mascure para el cuidado intensivo de la piel.\nTestado dermatologicamente, esta mascarilla es perfecta para pieles sensibles que necesitan una hidratacion intensa a base de ceramidas.\n', 'Facial mask from the Mascure range for intensive skin care. \nThis mask is dermatologically tested, this mask is perfect for sensitive skins that need an intense hydration based on ceramides.\n', 'Ura, glizerina, butilenglikola, triglizerido kaprilikoa / kaprikoa, 1,2-hexanediola, glizerina, triglizerido kaprilikoa / kaprikoa, ura, lezitina hidrogenatua, fitosteril lauroyl glutamatoa / octyldodecyl, zeramida NP, sodio hialuronatoa, Parked Macadamam. aurantium bergamia (bergamota) fruta olioa, pelargonium graveolens lore olioa, salvia officinalis (salbia) olioa, pogostemon cablin olioa, sodio hialuronatoa, butilenglikol dicaprylate / dicaprate, cetyl ethylhearhexanolexan alkohola, carbomer, allantoin, tromethamine Glicerilerato zelenteratoa, zelilerobilatilozerilato zelozeratoa, 13 20, ura, sorbitano isostearatoa, ura, biosakarido goma 1, etilhexilglizerina, 1,2-hexanediol, etilhexilglikanina\n', 'Agua, glicerina, butilenglicol, triglicerido caprilico / caprico, 1,2-hexanodiol, glicerina, triglicerido caprilico / caprico, agua, lecitina hidrogenada, lauroil glutamato de fitosterilo / octildodecilo, ceramida NP, hialuronato de sodio, butirospermo de Parkii Mantequilla, aceite de semilla de macadamia integrifolia, aceite de fruta Citrus aurantium bergamia (bergamota), aceite de flor de pelargonium graveolens, aceite de salvia officinalis (salvia), aceite de cablin de pogostemon, hialuronato de sodio, dicaprilato / dicaprato de butilenglicol, cetil etilhexanolexano Alcohol cetearilico, carbomero, alantoina, trometamina, estearato de glicerilo, hidroxietilcelulosa, poliacrilato-13, poliisobuteno, polisorbato 20, agua, isoestearato de sorbitan, agua, biosacarido goma 1, etilhexilglicerina, 1,2-hexanodiol, etilhexilglicerina, 1,2-hexanodiol', 'Water, Glycerin, Butylene Glycol, Caprylic / Capric Triglyceride, 1,2-Hexanediol, Glycerin, Caprylic / Capric Triglyceride, Water, Hydrogenated Lecithin, Phytosteryl Lauroyl Glutamate / Octyldodecyl, NP Ceramide, Sodium Hyaluronate, Parkii Butyrosperm Oil macadamia integrifolia seed, Citrus aurantium bergamia (bergamot) fruit oil, pelargonium graveolens flower oil, salvia officinalis (sage) oil, pogostemon cablin oil, sodium hyaluronate, butylene glycol dicaprylate / dicaprate, cetyl ethylhearhexanolexan alcohol , carbomer, allantoin, tromethamine, glyceryl stearate, hydroxyethylcellulose, polyacrylate-13, polyisobutene, polysorbate 20, water, sorbitan isostearate, water, biosaccharide gum 1, ethylhexylglycerin, 1,2-hexanediol, ethylhexylglyanine', 0, '28ml', 0, '2.90', '2021-04-07', 0, 'MA'),
('M0013A', 'CALMING CARE SOLUTION SHEET MASKARILA', 'MASCARILLA CALMING CARE SOLUTION SHEET', 'MASCURE CALMING SOLUTION SHEET MASK', 'Mascure inguruko aurpegi maskara, azala modu intentsiboan zaintzeko. \nDermatologikoki aztertuta, maskara hau ezin hobea da, larruazala lasaitzeko eta kanpoko faktoreetatik babesteko tratamendu berezia behar duten larruazal sentikorrentzat.\n', 'Mascarilla facial de la linea Mascure para el cuidado intensivo de la piel.\nTestado dermatologicamente, esta mascarilla es perfecta para pieles sensibles que necesitan un tratamiento especifico para calmar la piel y protegerla de los factores externos.\n', 'Facial mask from the Mascure range for intensive skin care. \nThis mask is dermatologically tested and is perfect for sensitive skin that needs a specific treatment to calm and protect the skin from external factors.\n', 'Ura, glizerina, butilenglikola, triglizerido kaprilikoa / kapricoa, 1,2-hexanodiola, glizerina, ura, poliglizeril oleato-10a, triglizerido kaprilikoa / kaprikoa, lezitina hidrogenatua, guaiazulena, butyrospermum parkii (karea olioa) gurina, makadamia olioa Nobilis lorea, Gardenia Florida Fruta Estraktua, Dextrina, Glizerina, Triglizerido Kapilikoa / Kaprikoa, Ura, Lezitina Hidrogenatua, Fitosterila / Octyldodecyl Lauroyl Glutamatoa, NP Zeramida, Sodio Hialuronatoa, Sodio Hialuronatoa, Etil Buttililen Glikol Dicaprililatoa, Alkohol Etil Trilizerol, Etil Trilizerol glizeril estearatoa, hidroxietilzelulosa, poliakrilato-13, poliisobutenoa, polisorbatoa 20, ura, sorbitan isostearatoa, polisorbatoa 60, ura, biosakarido goma-1, etilhexilhexilglizeril ED', 'Agua, glicerina, butilenglicol, triglicerido caprilico / caprico, 1,2-hexanodiol, glicerina, agua, oleato de poligliceril-10, triglicerido caprilico / caprico, lecitina hidrogenada, guaiazuleno, butyrospermum parkii (karite) mantequilla, aceite de macadamia semina Aceite de flor de Nobilis, extracto de fruta de Gardenia Florida, dextrina, glicerina, triglicerido caprilico / caprico, agua, lecitina hidrogenada, fitosteril / octildodecil lauroil glutamato, ceramida NP, hialuronato sodico, hialuronato sodico, buttalilenglicol dicaprilato de etilo, trepratexilato de etilo Sesquioleato, alcohol cetearilico, carbomero, alantoina, trometamina, estearato de glicerilo, hidroxietilcelulosa, poliacrilato-13, poliisobuteno, polisorbato 20, agua, isoestearato de sorbitan, polisorbato 60, agua, goma de biosacarido-1, etil-hexilhexilglicerilo EDTA disodico', 'Water, glycerin, butylene glycol, caprylic / capric triglyceride, 1,2-hexanediol, glycerin, water, polyglycerol-10 oleate, caprylic / capric triglyceride, hydrogenated lecithin, guava, butyrospermum parkii (lime oil), butter, garden macadamia Florida Macadamia Fruit Extract, Dextrin, Glycerin, Capillary / Capric Triglyceride, Water, Hydrogenated Lecithin, Phytosteryl / Octyldodecyl Lauroyl Glutamate, NP Ceramide, Sodium Hyaluronate, Sodium Hyaluronate, Ethyl Butyl Glucolic Alkylolate, Polystyrene-13 Triisobatoate -13, polystyrene-soriobate, polysorbate 60, water, gum-1 biosaccharide, ethylhexylhexylglycerol ED', 3, '28ml', 0, '2.90', '2021-04-09', 0, 'MA'),
('M0014A', 'AC CARE SOLUTION SHEET MASKARILA\n', 'MASCARILLA AC CARE SOLUTION SHEET', 'MASCURE AC CARE SOLUTION SHEET MASK', 'Mascure inguruko aurpegi maskara, azala modu intentsiboan zaintzeko. \nDermatologikoki aztertuta, maskara honek azala leundu eta hidratazio intentsiboa ematen du.\n', 'Mascarilla facial de la linea Mascure para el cuidado intensivo de la piel.\nTestado dermatologicamente, esta mascarilla proporciona una hidratacion intensiva para calmar las pieles sensibles.\n', 'Facial mask from the Mascure range for intensive skin care. \nThis mask is dermatologically tested and provides intensive hydration to soothe sensitive skin.\n', 'Ura, Butilen Glikola, Glizerina, 1,2-Hexanediola, Ura, 1,2-Hexanediola, Sodio Hialuronatoa, Melaleuca Alternifolia (Te Zuhaitza) Hosto Olioa, Citrus Aurantium Dulcis (Laranja) Zuritu Olioa, Lavandula Olioa Hibrida, Citrus Aurantium bergamia ( Bergamota) Fruta olioa, Juniperus Mexicana olioa, glizerina, triglizerido kaprilikoa / kaprikoa, ura, lezitina hidrogenatua, fitosterila / oktilodecil lauroyl glutamatoa, NP zeramida, sodio hialuronatoa, glukonolaktona, trein-glizerina etildodezil glizerina. , PEG-60 hidrogenozko ricino olioa, disodio EDTA.', 'Agua, butilenglicol, glicerina, 1,2-hexanodiol, agua, 1,2-hexanodiol, hialuronato de sodio, aceite de hoja de Melaleuca Alternifolia (arbol del te), aceite de cascara de Citrus Aurantium Dulcis (naranja), aceite de Lavandula Hybrida, bergamia de Citrus Aurantium ( Bergamota) Aceite de fruta, aceite de Juniperus Mexicana, glicerina, triglicerido caprilico / caprico, agua, lecitina hidrogenada, fitosteril / octildodecil lauroil glutamato, ceramida NP, hialuronato de sodio, gluconolactona, trehalosa, alantoina, etil-glicerina glicerina, glicerina de etildodecilo. , Aceite de ricino hidrogenado PEG-60, EDTA disodico.', 'Water, Butylene Glycol, Glycerin, 1,2-Hexanediol, Water, 1,2-Hexanediol, Sodium Hyaluronate, Melaleuca Alternifolia (Tea Tree) Leaf Oil, Citrus Aurantium Dulcis (Orange) Peel Oil, Lavandula Oil Hybrida, Citrus Aurantium bergamia (Bergamot) Fruit oil, Juniperus Mexicana oil, glycerin, caprylic / capric triglyceride, water, hydrogenated lecithin, phytosteril / octyldodecyl lauroyl glutamate, NP ceramide, sodium hyaluronate, gluconolactone, threin-glycerin ethyldodecyl glycerin. , PEG-60 hydrogenated castor oil, disodium EDTA.', 15, '28ml', 5, '2.90', '2021-04-05', 0, 'MA'),
('M0015A', 'M perfect cover bb krema', 'Crema M perfect cover bb', 'M perfect cover bb cream', 'Funtzio anitzeko BB krema, estalpeko propietate bikainekin. UV izpietatik babesten du, zimurrak murrizten ditu eta azala argitzen du.\nLarruazala egunero zaintzeko. Hauts pixka bat eman itxura natural baterako.\n', 'Crema BB multifuncional con excelentes propiedades de cobertura.Protege de los rayos UV, reduce las arrugas e ilumina la piel.\nPara el cuidado diario de la piel. Aplicar un poco de polvo para un aspecto natural.\n', 'Multifunctional BB cream with excellent covering properties. Protects against UV rays, reduces wrinkles and brightens skin.\nFor daily skin care. Apply some powder for a natural look.\n', 'Ura (Aqua), ziklometikona, etilhexil metoxizinamatoa, zink oxidoa, triglizerido kaprilikoa / kaprikoa, olio minerala, fenil trimetikona, talkoa, arbutina, kolageno hidrolizatua, dimetikona, macadamia ternifolia hazia olioa, eskualanoa, 1-adenosina C-adenosina, PEG-10 Dimetikona, polietilenoa, erle argizaria (Cera Alba), glizerina, propilen glikola, kabiarra ateratzea, algak ateratzea, Rosa Canina fruta olioa, Simmondsia Chinensis (Jojoba) hazien olioa, Fagus Sylvatica kimua ateratzea, 3 zeramida, Rosmarinus Officinalis (erromero hostoaren estraktua), Chamomilla Recutita (Matricaria) Lore Estraktua, Sodio Hialuronatoa, Sodio Kloruroa, Lurrina (Lurrina), Metilparabeno, Propilparabeno, Disodio EDTA, Hidroxiisohexil 3-Ziklohexeno Karboxaldehido- isometilionelina, lolinalol zinamal\nHonako hauek izan ditzake: titanio dioxidoa (Ci 77891), burdin oxidoak (Ci 77491, Ci 77492, Ci 77499)]\n', 'Agua (Aqua), Ciclometicona, Metoxicinamato de etilhexilo, Oxido de zinc, Triglicerido caprilico / caprico, Aceite mineral, Fenil trimeticona, Talco, Arbutina, Colageno hidrolizado, Dimeticona, Aceite de semilla de macadamia ternifolia, Escualano, C-Adenosina, PP-Adenosina / 1 Dimeticona, PEG-10 Dimeticona, Polietileno, Cera de Abejas (Cera Alba), Glicerina, Propilenglicol, Extracto de Caviar, Extracto de Algas, Aceite de Fruta Rosa Canina, Aceite de Semilla de Simmondsia Chinensis (Jojoba), Extracto de Brote de Fagus Sylvatica, Ceramida 3, Extracto de hoja de Rosmarinus Officinalis (Romero), Extracto de flor de Chamomilla Recutita (Matricaria), Hialuronato de sodio, Cloruro de sodio, Fragancia (Parfum), Metilparabeno, Propilparabeno, EDTA disodico, Hidroxiisohexil 3-ciclohexeno Carboxaldehido- Isometil ionona, hexil cinamal, linalol, citronelol\nPuede contener: dioxido de titanio (Ci 77891), oxidos de hierro (Ci 77491, Ci 77492, Ci 77499)]\n', 'Water (Aqua), Cyclomethicone, Ethylhexyl Methoxycinnamate, Zinc Oxide, Caprylic / Capric Triglyceride, Mineral Oil, Phenyl Trimethicone, Talc, Arbutin, Hydrolyzed Collagen, Dimethicone, Macadamia Ternifolia Seed Oil, Squalane, C-Adenosine, PP- Adenosine / 1 Dimethicone, PEG-10 Dimethicone, Polyethylene, Beeswax (Cera Alba), Glycerin, Propylene Glycol, Caviar Extract, Algae Extract, Rosa Canina Fruit Oil, Simmondsia Chinensis (Jojoba) Seed Oil, Extract of Fagus Sylvatica Bud, Ceramide 3, Rosmarinus Officinalis (Rosemary) Leaf Extract, Chamomilla Recutita (Matricaria) Flower Extract, Sodium Hyaluronate, Sodium Chloride, Fragrance (Parfum), Methylparaben, Propylparaben, Disodium EDTA, Hydroxyisohexyl 3 -cyclohexene Carboxaldehyde- Isomethyl ionone, hexyl cinnamal, linalol, citronellol\nMay contain: titanium dioxide (Ci 77891), iron oxides (Ci 77491, Ci 77492, Ci 77499)]\n', 20, '20ml', 5, '8.91', '2021-04-05', 0, 'MA');
INSERT INTO `produktuak` (`produktuKodea`, `izenaEus`, `izenaEs`, `izenaEn`, `deskribapenaEus`, `deskribapenaEs`, `deskribapenaEn`, `osagaiakEus`, `osagaiakEs`, `osagaiakEn`, `stock`, `tamaina`, `beherapena`, `prezioa`, `publikazioData`, `ezabatua`, `markaKodea`) VALUES
('M0016A', 'AIRY FIT SHEET MASKARA(Te-zuhaitza)', 'MASCARILLA AIRY FIT SHEET (Arbol del te)', 'AIRY FIT SHEET MASK (TEA TREE)', 'AIRY FIT inguruko erabilera bakarreko aurpegiko maskara azal leun eta fresko baterako.\nEzin hobea da larruazaleko gehiegizko gantza kontrolatzeko eta, hartara, distirak saihesteko.', 'Mascarilla facial mono uso de la linea AIRY FIT para una piel suave y fresca.\nIdeal para controlar el exceso de sebo en la piel y asi evitar brillos.', 'Single-use facial mask from the AIRY FIT line for soft and fresh skin. \nIdeal for controlling excess sebum in the skin in order to prevent shine.', 'Ura, Dipropilenglikola, Glicereth-26, Glizerina, Propanediola, 1,2-Hexanediola, Butilenglikola, Allantoina, Kamelia Sinensis hostoa ateratzea, Zingiber officinale (jengibrea) sustraia ateratzea, Glycyrrhiza glabra (erregaliza) Sustrai extractoa, Estraktua japoniar erroa, koptisa Dipotasio glikirrizatua, Disodio EDTA, Sodio Hialuronatoa, Melaleuca Alternifolia (Te Zuhaitza) Hosto Olioa, Melaleuca Alternifolia (Te Zuhaitza) hosto Estraktua, Beta-Glukanoa, Sodio Karbomeroa, Hidroxietil Zelulosa, Poligliceriloa-10 laurato, poligilizililato-10', 'Agua, dipropilenglicol, glicereth-26, glicerina, propanodiol, 1,2-hexanodiol, butilenglicol, alantoina, extracto de hoja de Camellia Sinensis, extracto de raiz de Zingiber officinale (jengibre), extracto de raiz de Glycyrrhiza glabra (regaliz), extracto de raiz japonesa, Coptis Glicirrizato dipotasico, EDTA disodico, hialuronato de sodio, aceite de hoja de Melaleuca Alternifolia (arbol de te), extracto de hoja de Melaleuca Alternifolia (arbol de te), beta-glucano, carbomero de sodio, hidroxietilcelulosa, poligliceril-10 laurato, poligliceril-10 miristato de etilo', 'Water, Dipropylene Glycol, Glicereth-26, Glycerin, Propanediol, 1,2-Hexanediol, Butylene Glycol, Allantoin, Camellia Sinensis Leaf Extract, Zingiber officinale Root Extract (Ginger), Glycyrrhiza Glabra Root Extract (Licorice), Extract Japanese Root, Coptis Dipotassium Glycyrrhizate, Disodium EDTA, Sodium Hyaluronate, Melaleuca Alternifolia (Tea Tree) Leaf Oil, Melaleuca Alternifolia (Tea Tree) Leaf Extract, Beta-Glucan, Sodium Carbomer, Hydroxyethyl Cellulose, Polyglyceryl -10 laurate, polyglyceryl-10 ethyl myristate', 10, '19g', 5, '1.90', '2021-04-05', 0, 'MA'),
('M0017A', 'AIRY FIT SHEET MASKARA (Karite)', 'MASCARILLA AIRY FIT SHEET (Karite)', 'AIRY FIT SHEET MASK (SHEA BUTTER)', 'AIRY FIT inguruko erabilera bakarreko aurpegiko maskara.\nLarruazal deshidratatuak edo lehorrak zaintzeko ezin hobea, hidratazko sakon bat edukiko du karite gantzari esker.\n', 'Mascarilla facial mono uso de la linea AIRY FIT.\nPerfecta para cuidar las pieles deshidratadas o secas gracias a su contenido en manteca de karite hidrata en profundidad.\n', 'Single-use facial mask from the AIRY FIT line. \nPerfect to take care of dehydrated or dry skin. Thanks to its content of shea butter moisturizes in depth.\n', 'Ura, glizerina, dipropilenglikola, zetilhexanoato zetilhexanoatoa, 1,2-hexanediola, azido estearikoa, sorbitan seskioleatoa, cetearil alkohola, sorbitano estearatoa, glizeril estearatoa, karbomeroa, arginina, butilenglikola, triglizerido kapilikoa / kapril erroa ateratzea, Kaprilikoa / Kaprilikoa . (Erregaliz) Sustrai Extract, Zingiber officinale (Jengibre) Sustrai Extract, Camellia Sinensis hosto Extract, Glizerina, Trehalosa, Ethylhexylgllycerin, Zelulosa Oietakoa, Xanthan Goma, Disodium EDTA, Dipotassium Glycyrrhizate (Sodio Hyalivouronate), Deleara karite gurina) extract, Vitis vinifera (mahatsa) hosto olioa, Amyris balsamifera azala olioa', 'Agua, glicerina, dipropilenglicol, cetilhexanoato de cetilhexanoato, 1,2-hexanodiol, acido estearico, sesquioleato de sorbitan, alcohol cetearilico, estearato de sorbitan, estearato de glicerilo, carbomero, arginina, butilenglicol, triglicerido caprilico / caprico, extracto de raiz de glicerina, extracto de glicerilo caprilico / caprico. (Regaliz) Extracto de raiz, Extracto de raiz de Zingiber officinale (jengibre), Extracto de hoja de Camellia Sinensis, Glicerina, Trehalosa, Etilhexilglicerina, Goma de celulosa, Goma de xantano, EDTA disodico, Glicirrizato dipotasico, Hialuronato de sodio (olivo), Deleara de Europa Aceite de madera, extracto de butyrospermum parkii (manteca de karite), aceite de hoja de Vitis vinifera (uva), aceite de corteza de Amyris balsamifera', 'Water, glycerin, dipropylene glycol, cetylhexanoate, ethylhexanoate, 1,2-hexanediol, stearic acid, sorbitol seskioleate, cetearyl alcohol, sorbitan stearate, glyceryl stearate, carbomer, arginine, butylglycerol, triglycerol. (Licorice) Sustrai Extract, Zingiber officinale (Ginger) Sustrai Extract, Camellia Sinensis Leaf Extract, Glycerin, Trehalose, Ethylhexylgllicerin, Cellulose Gum, Xanthan Gum, Disodium EDTA, Dipotassium Sodium Glycyrrhiza (Byalivourizate)', 60, '19g', 0, '1.90', '2021-04-08', 0, 'MA'),
('M0018A', 'AIRY FIT SHEET MASKARA (Arroza)', 'MASCARILLA AIRY FIT SHEET (Arroz)', 'AIRY FIT SHEET MASK (RICE)', 'AIRY FIT inguruko erabilera bakarreko aurpegiko maskara.\nEzin hobea larruazala zaintzeko, zikinkeria-hondarrak kenduz. Leundu zure azalaren ehundura, maskara horren zainketa intentsiboari esker.', 'Mascarilla facial mono uso de la linea AIRY FIT.\nPerfecta para cuidar de las pieles, eliminando los restos de suciedad. Suaviza la textura de tu piel gracias al cuidado intensivo de esta mascarilla.', 'Single-use facial mask from the AIRY FIT line. \nPerfect for skin care, eliminating the remains of dirt. Smoothes the texture of your skin thanks to the intensive care of this mask.', 'Ura, Dipropilenglikola, Butilenglikola, 1,2-Hexanediola, Hidroxietil Zelulosa, Glizerina, Karbomeroa, Arginina, Coptis japonica Sustrai Erauzia, Glycyrrhiza Glabra (Erregaliza) Erro Extracto, Zingiber officinale (Jengibrea) Erro Extracto, Sustrai Extracto Kutsimiletik disodio EDTA, Olea Europaea fruta olioa (oliba), poligliceril miristato-10, poligliceril laurato-10, oryza sativa extract (arroza), trehalosa, dipotasio glikirrizatua, sodio hialuronatoa, Copaifera erretxina ofiziala (kopaiba baltsamoa akrilikoa), glikeril kopilamidoa / MA kopolimeroa, salbia olioa, Cedrus Deodara egur olioa', 'Agua, dipropilenglicol, butilenglicol, 1,2-hexanodiol, hidroxietilcelulosa, glicerina, carbomero, arginina, extracto de raiz de Coptis japonica, extracto de raiz de Glycyrrhiza Glabra (regaliz), extracto de raiz de Zingiber officinale (jengibre), extracto de raiz de etilglicerina, Camellia sinensis Alantoina, EDTA disodico, aceite de fruta de Olea Europaea (oliva), miristato de poligliceril-10, laurato de poliglicerilo-10, extracto de oryza sativa (arroz), trehalosa, glicirricato de dipotasio, hialuronato de sodio, resina de copaifera officinalis (balsamo de copaiba acrilica), acrilato de glicerilo Copolimero acido, Copolimero PVM / MA, Aceite de Salvia Sclarea (Clary), Aceite de madera Cedrus Deodara', 'Water, Dipropylene Glycol, Butylene Glycol, 1,2-Hexanediol, Hydroxyethyl Cellulose, Glycerin, Carbomer, Arginine, Coptis japonica Root Extract, Glycyrrhiza Glabra (Licorice) Root Extract, Zingiber officinale (Ginger) Root Extract, Root Extract ethylglycerin, Camellia sinensis Allantoin, disodium EDTA, Olea Europaea fruit oil (olive), polyglyceryl myristate-10, polyglyceryl laurate-10, oryza sativa extract (rice), trehalose, dipotassium glycyrrhizate, sodium hyaluronate, Copaifera officinalis Resin (Acrylic Copaiba Balsam), Glyceryl Acrylate Acid Copolymer, PVM / MA Copolymer, Sage Sclarea (Clary) Oil, Cedrus Deodara Wood Oil', 23, '19g', 5, '1.90', '2021-04-04', 0, 'MA'),
('M0019A', 'AIRY FIT SHEET MASKARA (Jengibre gorria)', 'MASCARILLA AIRY FIT SHEET (Jengibre rojo)', 'AIRY FIT SHEET MASK (RED GINSENG)', 'AIRY FIT inguruko erabilera bakarreko aurpegiko maskara azal leun eta fresko baterako.\nEzin hobea sendotasun galdua berreskuratzeko aproposa.', 'Mascarilla facial mono uso de la linea AIRY FIT para una piel suave y fresca.\nIdeal para recuperar la firmeza perdida de la piel.', 'Single-use facial mask from the AIRY FIT line for soft and fresh skin. \nIdeal for recovering lost skin firmness.', 'Ura, glizerina, dipropilenglikola, cetil cetilhexanoatoa, Littlewonderland.nl, 1,2-hexanediol, azido estearikoa, sorbitan seskioleatoa, cetearyl alcohol, sorbitan stearate, gliceryl stearate, carbomer, arginina, butylene glicol, triglicerido kaprilikoa. Sustrai extract, Glycyrrhiza glabra (erregaliz) root extract, zingiber officinale (jengibre) root extract, Camellia sinensis hosto extract, trehalose, ethylhexylglycerin, cellulose gum, xanthan goma, disodium EDTA, dipotassium glycyrrhizinate), Olive Oil, Panax Ginseng Salbia olioa, Cablin Pogostemon olioa, Apium Graveolens (apioa) hazien olioa, Copaifera officinalis erretxina (Copaiba Balsam), Daucus hazien olioa Carota Sativa (Azenarioa), Eucalyptus globulus hosto olioa, Citrus Aurantium Dulcis (laranja) olioa', 'Agua, glicerina, dipropilenglicol, cetilhexanoato de cetilo, Littlewonderland.nl, 1,2-hexanodiol, acido estearico, sesquioleato de sorbitan, alcohol cetearilico, estearato de sorbitan, estearato de glicerilo, carbomero, arginina, butilenglicol, triglicerido caprilico / caprilico. Extracto de raiz, extracto de raiz de Glycyrrhiza glabra (regaliz), extracto de raiz de zingiber officinale (jengibre), extracto de hoja de Camellia sinensis, trehalosa, etilhexilglicerina, goma de celulosa, goma xantana, EDTA disodico, glicirurizato dipotasico (aceituna), aceite de olivo de olivo , Extracto de raiz de Panax Ginseng, Aceite de salvia Sclarea (Clary), Aceite de pogostemon Cablin, Aceite de semilla de Apium Graveolens (Apio), Resina Copaifera officinalis (Balsamo Copaiba), Aceite de semilla de Daucus Carota Sativa (Zanahoria), Aceite de hoja de eucalipto globulus, Citrus Aurantium Dulcis (Naranja) Aceite', 'Water, glycerin, dipropylene glycol, cetyl cetylhexanoate, Littlewonderland.nl, 1,2-hexanediol, stearic acid, sorbitan sesquioleate, cetearyl alcohol, sorbitan stearate, glyceryl stearate, carbomer, arginine, butylene glycol, caprylic triglyceride. Root extract, Glycyrrhiza glabra (licorice) root extract, zingiber officinale (ginger) root extract, Camellia sinensis leaf extract, trehalose, ethylhexylglycerin, cellulose gum, xanthan gum, disodium EDTA, dipotassium glycyrrhizinate) , Olive Oil, Panax Ginseng Root Extract, Clary Sage Oil, Cablin Pogostemon Oil, Apium Graveolens (Celery) Seed Oil, Copaifera officinalis Resin (Copaiba Balsam), Daucus Seed Oil Carota Sativa (Carrot), Eucalyptus globulus Leaf Oil, Citrus Aurantium Dulcis (Orange) Oil', 20, '19g', 5, '1.90', '2021-04-04', 0, 'MA'),
('M0020A', 'AIRY FIT SHEET MASKARA (Patata)', 'MASCARILLA AIRY FIT SHEET (Patata)', 'AIRY FIT SHEET MASK (POTATO)', 'AIRY FIT inguruko erabilera bakarreko aurpegiko maskara azal leun eta fresko baterako.\nEzin hobea da azala bitaminekin sakon elikatzeko eta larruazalaren argitasuna suspertzeko.', 'Mascarilla facial mono uso de la linea AIRY FIT para una piel suave y fresca.\nIdeal para nutrir la piel en profundidad con vitaminas y estimular la luminosidad de la piel.', 'Single-use facial mask from the AIRY FIT line for soft and fresh skin.  Ideal for deeply nourishing the skin with vitamins and stimulating the skin\'s radiance.\n', 'Ura, Glizerina, Dipropilenglikola, Cetil Etilhexanoatoa, 1,2-Hexanediola, Azido Stearikoa, Sorbitan Seskioleatoa, Cetearyl Alkohola, Sorbitan Estearatoa, Glizeril Estearatoa, Karbomeroa, Arginina, Butilen Glikola, Triglizerido Glikerizidikoa Glizerido Glikeridoa Sustrai Atera (Regalice), Zingiber officinale Sustrai Atera (Jengibrea), Camellia Sinensis Hosto Atera, Trehalosa, Etilhexilglizerina, Zelulosazko Goma, Xantano Goma, Disodio EDTA, Dipotasio Oliba Patata Atera Patata Dipotasio sodiko oliba) Fruta olioa, Citrus Auranti Bergamia (Bergamota) Fruta olioa, Cedrus Deodara zurezko olioa, Citrus Nobilis (mandarina) azala, Citrus Aurantium Dulcis (laranja) olioa, Lavandula angustifolia (Izpilikua) Olioa', 'Agua, glicerina, dipropilenglicol, cetilhexanoato de cetilhexanoato, 1,2-hexanodiol, acido estearico, sesquioleato de sorbitan, alcohol cetearilico, estearato de sorbitan, estearato de glicerilo, carbomero, arginina, butilenglicol, triglicerido caprilico / caprico, extracto de extracto de glicerilo, extracto de glicerilo caprilico / caprico. (Regaliz) Extracto de raiz, Extracto de raiz de Zingiber officinale (jengibre), Extracto de hoja de Camellia Sinensis, Trehalosa, Etilhexilglicerina, Goma de celulosa, Goma xantana, EDTA disodico, Glicirricato dipotasico, Extracto de solanum tuberosum (Papa), Pulpa de olivo (Europa) ) Aceite de Fruta, Citrus Aurantium Bergamia (Bergamota) Aceite de Fruta, Aceite de Madera Cedrus Deodara, Aceite de Cascara de Citrus Nobilis (Mandarina), Aceite de Citrus Aurantium Dulcis (Naranja), Aceite de Lavandula Angustifolia (Lavanda)', 'osagaiakEnHEMEN', 0, '19g', 0, '1.90', '2021-04-05', 0, 'MA'),
('M0021A', 'AIRY FIT SHEET MASKARA (Granada)', 'MASCARILLA AIRY FIT SHEET (Granada)', 'AIRY FIT SHEET MASK (POMEGRANATE)', 'AIRY FIT inguruko erabilera bakarreko aurpegiko maskara. Granada-estraktuaz egindako maskara honek zure azalaren sendotasuna berreskuratuko du.\n', 'Mascarilla facial mono uso de la linea AIRY FIT.\nEsta mascarilla a base de extracto de granada recuperara la firmeza de tu piel.', 'Single-use facial mask from the AIRY FIT line. \nThis mask is based on pomegranate extract and will recover the firmness of your skin.', 'Ura, Dipropilenglikola, Butilenglikola, 1,2-Hexanediola, Hidroxietil Zelulosa, Glizerina, Karbomeroa, Arginina, Coptis japonica Sustrai Erauzia, Glycyrrhiza Glabra (Erregaliza) Sustrai Extracto, Zingiber officinale (Jengibrea) Erro Extracto, Sustrai Extracto etilglic Alantoina, disodio EDTA, poligliceril miristato-10, poligliceril laurato-10, Punica granatum fruta ateratzea, trehalosa, dipotasio glizirrizinatoa, sodio hialuronatoa, Olea Europaea fruta olioa (oliba), akrilato mandarina gliceril / azido akrilikoa kopolimeroa, Citrus Orange laranja / MA Kopolimeroa, Pelargonium Graveolens lore olioa, Citrus Aurantium Dulcis (laranja) olioa, Litsea Cubeba fruta olioa, Lavandula angustifolia (izpilikua) olioa)', 'Agua, dipropilenglicol, butilenglicol, 1,2-hexanodiol, hidroxietilcelulosa, glicerina, carbomero, arginina, extracto de raiz de Coptis japonica, extracto de raiz de Glycyrrhiza Glabra (regaliz), extracto de raiz de Zingiber officinale (jengibre), extracto de raiz de etilglicerina, Camellia sinensis Alantoina, EDTA disodico, miristato de poligliceril-10, laurato de poligliceril-10, extracto de fruta de Punica granatum, trehalosa, glicirrizato de dipotasio, hialuronato de sodio, aceite de fruta de Olea Europaea (oliva), acrilato de glicerilo / copolimero de acido acrilico de mandarina, cascara de naranja citrica Aceite, Copolimero PVM / MA, Aceite de flor de Pelargonium Graveolens, Aceite de Citrus Aurantium Dulcis (naranja), Aceite de fruta de Litsea Cubeba, Aceite de Lavandula angustifolia (Lavanda)', 'Water, Dipropylene Glycol, Butylene Glycol, 1,2-Hexanediol, Hydroxyethyl Cellulose, Glycerin, Carbomer, Arginine, Coptis japonica Root Extract, Glycyrrhiza Glabra (Licorice) Root Extract, Zingiber officinale (Ginger) Root Extract, Root Extract ethylglycerin, Camellia sinensis Allantoin, disodium EDTA, polyglyceryl myristate-10, polyglyceryl laurate-10, Punica granatum fruit extract, trehalose, dipotassium glycyrrhizinate, sodium hyaluronate, Olea Europaea fruit oil (olive), acrylate Mandarin Glyceryl / Acrylic Acid Copolymer, Citrus Orange Peel Oil, PVM / MA Copolymer, Pelargonium Graveolens Flower Oil, Citrus Aurantium Dulcis (Orange) Oil, Litsea Cubeba Fruit Oil, Lavandula angustifolia (Lavender) Oil )', 30, '19g', 5, '1.90', '2021-04-04', 0, 'MA'),
('M0022A', 'AIRY FIT SHEET MASKARA (Perla)', 'MASCARILLA AIRY FIT SHEET (Perla)', 'AIRY FIT SHEET MASK (PEARL)', 'AIRY FIT inguruko erabilera bakarreko aurpegiko maskara azal leun eta fresko baterako.\nEzin hobea azalaren argitasuna berreskuratzeko.\n', 'Mascarilla facial mono uso de la linea AIRY FIT para una piel suave y fresca.\nIdeal para recuperar la luminosidad de la piel.\n', 'Single-use facial mask from the AIRY FIT line for soft and fresh skin. \n Ideal for restoring the skin\'s radiance.\n', 'Ura, Glizerina, Dipropilenglikola, Cetil Etilhexanoatoa, Littlewonderland.nl, 1,2-Hexanediol, Azido Stearikoa, Sorbitan Seskioleatoa, Cetearyl Alkohola, Sorbitan Stearate, Gliceril Stearato, Carbomer, Arginina, Butilen Glikol Glukrila Glizerina erregaliz) erro extractoa, Zingiber officinale (jengibrea) erro extract, camellia sinensis hosto extract, trehalosa, etilhexilglizerina, zelulosa goma, xantano goma, disodio EDTA, sodio glizeronato extract, sodio limonato perla, sodio extract. Melaleuca Alternifolia (Te Zuhaitza) hosto olioa, Citrus Paradisi (pomeloa) azala olioa, geranioa Maculatum olioa, Rosmarinus officinalis (erromeroa) hosto olioa', 'Agua, glicerina, dipropilenglicol, cetil etilhexanoato, Littlewonderland.nl, 1,2-hexanodiol, acido estearico, sesquioleato de sorbitan, alcohol cetearilico, estearato de sorbitan, estearato de glicerilo, carbomero, arginina, butilenglicol, triglicerido caprilico / caprilico Extracto de raiz, extracto de raiz de Glycyrrhiza glabra (regaliz), extracto de raiz de Zingiber officinale (jengibre), extracto de hoja de camellia sinensis, trehalosa, etilhexilglicerina, goma de celulosa, goma xantana, EDTA disodico, extracto de glicironato de sodio, limonato de perla, extracto de sodio. Aceite de hoja de Melaleuca Alternifolia (arbol de te), aceite de cascara de Citrus Paradisi (pomelo), aceite de geranio maculatum, aceite de hoja de Rosmarinus officinalis (romero)', 'Water, Glycerin, Dipropylene Glycol, Cetyl Ethylhexanoate, Littlewonderland.nl, 1,2-Hexanediol, Stearic Acid, Sorbitan Sesquioleate, Cetearyl Alcohol, Sorbitan Stearate, Glyceryl Stearate, Carbomer, Arginine, Butylene Glycol Extract / Caprylic Root Triglyceride , Glycyrrhiza glabra (licorice) root extract, Zingiber officinale (ginger) root extract, camellia sinensis leaf extract, trehalose, ethylhexylglycerin, cellulose gum, xanthan gum, disodium EDTA, sodium glycyronate extract, sodium limonate pearl, sodium extract. Melaleuca Alternifolia (Tea Tree) Leaf Oil, Citrus Paradisi (Grapefruit) Peel Oil, Geranium Maculatum Oil, Rosmarinus officinalis (Rosemary) Leaf Oil', 10, '19g', 0, '1.90', '2021-04-06', 0, 'MA'),
('M0023A', 'AIRY FIT SHEET MASKARA (Limoia)', 'MASCARILLA AIRY FIT SHEET (Limon)', 'AIRY FIT SHEET MASK (LEMON)', 'AIRY FIT inguruko erabilera bakarreko aurpegiko maskara.\nAurpegiari argitasuna emateko eta larruazalaren tonua hobetzeko ezin hobea da limoi-estraktuekin egindako maskara hau.', 'Mascarilla facial mono uso de la linea AIRY FIT.\nEsta mascarilla a base de extractos de limon es perfecta para aportar luminosidad al rostro y mejorar el tono de la piel.', 'Single-use facial mask from the AIRY FIT line. \nThis mask based on lemon extracts is perfect for brightening the face and improving skin tone.', 'Ura, glizerina, dipropilenglikola, cetilhexanoato zetilhexanoatoa, 1,2-hexanediola, azido estearikoa, sorbitan seskioleatoa, cetearil alkohola, sorbitano estearatoa, glizeril estearatoa, karbomer, arginina, butilenglikola, kaprilikoa / kapril triglizeridoa ateratzea, kaprilikoa / kapriloa / Glikeril kaprikoa. (Erregaliz) Sustrai Extract, Zingiber officinale (Jengibre) Sustrai Extract, Camellia Sinensis hosto Extract, Glizerina, Trehalosa, Ethylhexylgllycerin, Zelulosa Oietakoa, Xanthan Goma, Disodium EDTA, Dipotassium Glycyrrhizate, Oliba Olioa edo Oliba Olioa Europaea, Sodioa Erroia Extracto Sclarea (Clary) Olioa, Pogostemon Cablin Olioa, Apium graveolens (Apioa) Hazia Olioa, Copaifera officinalis (Balsam Copaiba) Erretxina, Daucus Carota Sativa (Azenarioa) Hazia Olioa, Eucalyptus Globulus Leaf Oil, Citrus Aurantium Dulcis (Orange) Olioa', 'Agua, glicerina, dipropilenglicol, cetilhexanoato de cetilhexanoato, 1,2-hexanodiol, acido estearico, sesquioleato de sorbitan, alcohol cetearilico, estearato de sorbitan, estearato de glicerilo, carbomero, arginina, butilenglicol, triglicerido caprilico / caprico, extracto de extracto de glicerilo, extracto de glicerilo caprilico / caprico. (Regaliz) Extracto de raiz, Zingiber officinale (jengibre) Extracto de raiz, Extracto de hoja de Camellia Sinensis, Glicerina, Trehalosa, Etilhexilglicerina, Goma de celulosa, Goma xantana, EDTA disodico, Glicirrizato dipotasico, Aceite de olivo de olivo de olivo Olea Europaea, Gialenguronato de sodio Extracto de raiz, aceite de Salvia Sclarea (Clary), aceite de pogostemon Cablin, aceite de semilla de Apium graveolens (apio), resina Copaifera officinalis (Balsam Copaiba), aceite de semilla de Daucus Carota Sativa (zanahoria), aceite de hoja de Eucalyptus Globulus, Citrus Aurantium Dulcis (naranja) Petroleo', 'Water, glycerin, dipropylene glycol, cetylhexanoate cetylhexanoate, 1,2-hexanediol, stearic acid, sorbitan sesquioleate, cetearyl alcohol, sorbitan stearate, glyceryl stearate, carbomer, arginine, butylene glycol, caprylic / capril triglyceride extract, caprylic / capril extract , Caprylic / Capric Glyceryl Extract. (Licorice) Root Extract, Zingiber officinale (Ginger) Root Extract, Camellia Sinensis Leaf Extract, Glycerin, Trehalose, Ethylhexylglycerin, Cellulose Gum, Xanthan Gum, Disodium EDTA, Dipotassium Glycyrrhizate, Olive Oil or Olive Oil Europaea, Sodium Gialenguronate Root Extract, Salvia Sclarea (Clary) Oil, Pogostemon Cablin Oil, Apium graveolens (Celery) Seed Oil, Copaifera officinalis (Balsam Copaiba) Resin, Daucus Carota Sativa (Carrot) Seed Oil , Eucalyptus Globulus Leaf Oil, Citrus Aurantium Dulcis (Orange) Oil', 20, '19g', 50, '1.90', '2021-03-05', 0, 'MA'),
('M0024A', 'AIRY FIT SHEET MASKARA (Eztia)', 'MASCARILLA AIRY FIT SHEET (Miel)', 'AIRY FIT SHEET MASK (HONEY)', 'AIRY FIT inguruko erabilera bakarreko aurpegiko maskara.\nMineral eta amino azidoak ematen ditu azal hidratatu eta zainduentzat.', 'Mascarilla facial mono uso de la linea AIRY FIT.\nProporciona minerales y amino acidos para una piel hidratada y cuidada.', 'Single-use facial mask from the AIRY FIT line. Provides minerals and amino acids for hydrated and cared for skin.\n', 'Ura, glizerina, dipropilenglikola, zetilhexanoato zetilhexanoatoa, 1,2-hexanediola, azido estearikoa, sorbitan seskioleatoa, cetearil alkohola, sorbitano estearatoa, glizeril estearatoa, karbomeroa, arginina, butilenglikola, triglizerido kaprilikoa / kaprilikoa ateratzea, kaprilikoa / triglizeridoa Triglicerido kaprilikoa Kaprilikoa / Kapriloa ateratzea / Glizeril kaprikoa. (Erregaliz) Sustrai Extract, Zingiber officinale (jengibre) Sustrai Extract, Camellia Sinensis hosto Extract, Glizerina, Trehalosa, Ethylhexylgllycerin, Zelulosazko gomak, Xanthan goma, Disodium EDTA, Dipotassium glicirratatu, Oliba olioa edo oliba olioa Giangiale, gatza Olioa, Pogost , Apium graveolens (apioa) hazi olioa, Copaifera officinalis erretxina (copaiba baltsamo), Daucus Carota Sativa (azenarioa) hazi olioa, Eucalyptus globulus hosto olioa, zitriko aurantium gozoa (laranja)', 'Agua, glicerina, dipropilenglicol, cetilhexanoato de cetilhexanoato, 1,2-hexanodiol, acido estearico, sesquioleato de sorbitan, alcohol cetearilico, estearato de sorbitan, estearato de glicerilo, carbomero, arginina, butilenglicol, triglicerido caprilico / caprico, extracto de extracto de glicerilo, extracto de glicerilo caprilico / caprico. (Regaliz) Extracto de raiz, Zingiber officinale (jengibre) Extracto de raiz, Extracto de hoja de Camellia Sinensis, Glicerina, Trehalosa, Etilhexilglicerina, Goma de celulosa, Goma xantana, EDTA disodico, Glicirrizato dipotasico, Aceite de olivo de olivo de olivo Olea Europaea, Gialenguronato de sodio Extracto de raiz, aceite de Salvia Sclarea (Clary), aceite de pogostemon Cablin, aceite de semilla de Apium graveolens (apio), resina Copaifera officinalis (Balsam Copaiba), aceite de semilla de Daucus Carota Sativa (zanahoria), aceite de hoja de Eucalyptus Globulus, Citrus Aurantium Dulcis (naranja) Petroleo', 'Water, glycerin, dipropylene glycol, cetylhexanoate cetylhexanoate, 1,2-hexanediol, stearic acid, sorbitan sesquioleate, cetearyl alcohol, sorbitan stearate, glyceryl stearate, carbomer, arginine, butylene glycol, caprylic / capril triglyceride extract, caprylic / capril extract , Caprylic / Capric Glyceryl Extract. (Licorice) Root Extract, Zingiber officinale (Ginger) Root Extract, Camellia Sinensis Leaf Extract, Glycerin, Trehalose, Ethylhexylglycerin, Cellulose Gum, Xanthan Gum, Disodium EDTA, Dipotassium Glycyrrhizate, Olive Oil or Olive Oil Europaea, Sodium Gialenguronate Root Extract, Salvia Sclarea (Clary) Oil, Pogostemon Cablin Oil, Apium graveolens (Celery) Seed Oil, Copaifera officinalis (Balsam Copaiba) Resin, Daucus Carota Sativa (Carrot) Seed Oil , Eucalyptus Globulus Leaf Oil, Citrus Aurantium Dulcis (Orange) Oil', 100, '19g', 60, '1.90', '2021-01-05', 0, 'MA'),
('M0025A', 'AIRY FIT SHEET MASKARA (Te berdea)', 'MASCARILLA AIRY FIT SHEET (Te verde)', 'AIRY FIT SHEET MASK (GREEN TEA)', 'AIRY FIT inguruko erabilera bakarreko aurpegiko maskara.\nMaskara hau oso egokia da larruazal sentikorrentzat edo aknearako joera dutenentzat, te berdearen estraktuei esker.', 'Mascarilla facial mono uso de la linea AIRY FIT.\nEsta mascarilla es ideal para pieles sensibles o con tendencia acneica gracias a sus extractos de te verde. ', 'Single-use facial mask from the AIRY FIT line. \nThis mask is ideal for sensitive or acne-prone skin thanks to its green tea extracts.', 'Ura, Dipropilenglikola, Glizereta-26, Glizerina, Propanediola, 1,2-Hexanediola, Butilenglikola, Allantoina, Sodio Karbomeroa, Hidroxietilcelulosa, Coptis Japonica Sustrai Extracto, Camellia Sinensis Hosto Extracto, Gingeringer officinale Sustrai Extracto (Pepinoa), Sodioa Bergamium (Bergamium) Fruit Aurantium Oil, Beta-Glucan, Amyris Balsamifera Azal Olioa', 'Agua, Dipropilenglicol, Glycereth-26, Glicerina, Propanodiol, 1,2-Hexanodiol, Butilenglicol, Alantoina, Carbomero de sodio, Hidroxietilcelulosa, Extracto de raiz de Coptis Japonica, Extracto de hoja de Camellia Sinensis, Extracto de raiz de Zingiber officinale (Ginger) Glabra de Zingiza (jengibre) Regaliz) Extracto de raiz, Etilhexilglicerina, Glicirrizato dipotasico, EDTA disodico, Aceite de fruta de Olea Europaea (Oliva), Miristato de poligliceril-10, Laurato de poliglicerilo-10, Extracto de fruta de Cucumis sativus (Pepino), Hialuronato de sodio, Bergamio (Bergamio) Aceite de aurantio de fruta , Beta-Glucano, Aceite de corteza de Amyris Balsamifera', 'Water, Dipropylene Glycol, Glycereth-26, Glycerin, Propanediol, 1,2-Hexanediol, Butylene Glycol, Allantoin, Sodium Carbomer, Hydroxyethylcellulose, Coptis Japonica Root Extract, Camellia Sinensis Leaf Extract, Zinginger officinale Root Extract ) Zingiza Glabra (Ginger) Licorice) Root Extract, Ethylhexylglycerin, Dipotassium Glycyrrhizate, Disodium EDTA, Olea Europaea Fruit Oil (Olive), Polyglyceryl Myristate-10, Polyglyceryl Laurate-10, Cucumis sativus Fruit Extract ( Cucumber), Sodium Hyaluronate, Bergamium (Bergamium) Fruit Aurantium Oil, Beta-Glucan, Amyris Balsamifera Bark Oil', 50, '19g', 5, '1.90', '2021-02-28', 0, 'MA'),
('M0026A', 'AIRY FIT SHEET MASKARA (Pepinoa)', 'MASCARILLA AIRY FIT SHEET (Pepino)', 'AIRY FIT SHEET MASK (CUCUMBER)', 'Pepino estraktuaren maskara monodosia.\nAzalaren hidratazioa hobetzen laguntzen du, eta aurpegiari freskotasun-sentsazioa ematen dio.', 'Mascarilla monodosis de extracto de pepino.\nAyuda a mejorar la hidratacion de la piel y aporta una sensacion de frescor al rostro.', 'Single-dose cucumber extract mask.\n  Helps to improve skin hydration and provides a feeling of freshness to the face.', 'Ura, Dipropilenglikola, Glizereta-26, Glizerina, Propanediola, 1,2-Hexanediola, Butilenglikola, Allantoina, Sodio Karbomeroa, Hidroxietilcelulosa, Coptis Japonica Sustrai Extracto, Camellia Sinensis Hosto Extracto, Gingeringer officinale Sustrai Extracto (Pepinoa), Sodioa Bergamium (Bergamium) Fruit Aurantium Oil, Beta-Glucan, Amyris Balsamifera Azal Olioa\n', 'Agua, Dipropilenglicol, Glycereth-26, Glicerina, Propanodiol, 1,2-Hexanodiol, Butilenglicol, Alantoina, Carbomero de sodio, Hidroxietilcelulosa, Extracto de raiz de Coptis Japonica, Extracto de hoja de Camellia Sinensis, Extracto de raiz de Zingiber officinale (Ginger) Glabra de Zingiza (jengibre) Regaliz) Extracto de raiz, Etilhexilglicerina, Glicirrizato dipotasico, EDTA disodico, Aceite de fruta de Olea Europaea (Oliva), Miristato de poligliceril-10, Laurato de poliglicerilo-10, Extracto de fruta de Cucumis sativus (Pepino), Hialuronato de sodio, Bergamio (Bergamio) Aceite de aurantio de fruta , Beta-Glucano, Aceite de corteza de Amyris Balsamifera', 'Water, Dipropylene Glycol, Glycereth-26, Glycerin, Propanediol, 1,2-Hexanediol, Butylene Glycol, Allantoin, Sodium Carbomer, Hydroxyethylcellulose, Coptis Japonica Root Extract, Camellia Sinensis Leaf Extract, Giralabingiberina Root Extract) Zingiza (ginger) Licorice) Root Extract, Ethylhexylglycerin, Dipotassium Glycyrrhizate, Disodium EDTA, Olea Europaea Fruit Oil (Olive), Polyglyceryl Myristate-10, Polyglyceryl Laurate-10, Cucumis sativus Fruit Extract (Cucumber) , Sodium Hyaluronate, Bergamium (Bergamium) Fruit Aurantium Oil, Beta-Glucan, Amyris Balsamifera Bark Oil', 10, '19g', 5, '1.90', '2021-01-18', 0, 'MA'),
('M0027A', 'AIRY FIT SHEET MASKARA (ALOE)', 'MASCARILLA AIRY FIT SHEET (ALOE)', 'AIRY FIT SHEET MASK (ALOE)', 'AIRY FIT inguruko erabilera bakarreko aurpegiko maskara.\nEzin hobea da larruazal deshidratatuak edo lehorrak zaintzeko, aloe vera estraktuari esker; honek hidratazio bizia ematen dio aurpegiko azalari.', 'Mascarilla facial mono uso de la linea AIRY FIT.\nPerfecta para cuidar las pieles deshidratadas o secas gracias a su extracto de aloe vera que proporciona una hidratacion intensa a la piel del rostro.', 'Single-use facial mask from the AIRY FIT line. \n Perfect to take care of dehydrated or dry skin, thanks to its aloe vera extract that provides intense hydration to facial skin.', 'Ura, dipropilenglikol, glicereth-26, glizerina, propanediol, 1,2-hexanediol, butilenglikol, alantoina, sodio karbomer, hidroxietilcelulosa, Coptis japoniarra erro extractoa, Camellia sinensis hosto extract, Zingiberro (jengibrea) officinalis extract Jengibrea) Erregaliz) Extract, Ethylhexylglycerin, Dipotassium Glycyrrhizate, Disodium EDTA, Polyglyceryl Mirristate-10, Polyglyceryl Laurate-10, Aloe Barbadensis Leaf Extract, Sodium Hyaluronate, Olea Europaea Fruit Oil (Olive), Glucan citrus bergamia bergamia olioa', 'Agua, dipropilenglicol, glicereth-26, glicerina, propanodiol, 1, 2-hexanodiol, butilenglicol, alantoina, carbomero de sodio, hidroxietilcelulosa, extracto de raiz de Coptis japonica, extracto de hoja de camelia sinensis, extracto de zingiberro (jengibre) officinalis (jengibre) Regaliz) Extracto de raiz, Etilhexilglicerina, Glicirrizato dipotasico, EDTA disodico, Miristato de poligliceril-10, Laurato de poliglicerilo-10, Extracto de hoja de Aloe Barbadensis, Hialuronato de sodio, Aceite de fruta Olea Europaea (Oliva), Aceite de bergamia de bergamia de citricos Glucano, goma no volatil de Canarium Luzonicum, aceite de cupressus sempervirens', 'Water, dipropylene glycol, glicereth-26, glycerin, propanediol, 1,2-hexanediol, butylene glycol, allantoin, sodium carbomer, hydroxyethylcellulose, Coptis japonica root extract, Camellia sinensis leaf extract, Zingiberro (ginger) officinalis extract Ginger) officinalis (Ginger) Licorice) Root Extract, Ethylhexylglycerin, Dipotassium Glycyrrhizate, Disodium EDTA, Polyglyceryl Myristate-10, Polyglyceryl Laurate-10, Aloe Barbadensis Leaf Extract, Sodium Hyaluronate, Olea Europaea Fruit Oil (Oliva Europaea ), Glucan citrus bergamia bergamia oil, Canarium Luzonicum non-volatile gum, Cupressus sempervirens oil', 5, '19g', 0, '1.90', '2021-02-22', 0, 'MA'),
('S0001K', 'Edertasun ura', 'Agua de belleza', 'Beauty water', 'Makillatu aurretik, erabili ura aurpegia garbitzeko, honela makillajea azalak gehiago xurgatuko du.\nAurpegiko ura, azala aldi berean tonifikatu eta hidratatzen du.\nOsagaien %94a naturalak dira, leunki azalari bizitasuna ematen dio.\nProduktuak kimikorik gabeko 10 osagai dauzka, larruazal sentikorrentzako.\n', 'Antes de maquillarse, utilice agua de lavado para limpiar la cara para una mayor absorcion del maquillaje.\nAgua facial, para tonificacion e hidratacion de la piel al mismo tiempo.\n94% de ingredientes son naturales, da con suavidad vitalidad a la piel.\n10 ingredientes libres de productos quimicos, para las pieles sensibles.\n', 'Before applying make-up, use face wash water to cleanse the face for a higher make-up absorption.\nMicellar water for toning and hydrating at the same time\n94% of natural ingredients gently gives vitality to the skin.\n10 chemical free ingredients, gentle on sensitive skin.\n', 'Ura, Damascena arrosaren Lore Ura, Hamamelis Virginiana (Hamamelis) Ura, Butileno Glikola, Propanediola, Kaprilikoa / Kapilikoa Glizeridoak PEG-7, Pentilen Glikola, Citrus Aurantium Dulcis (Laranja) Fruta Laburpena, Xilitol, Citrus Aurantium Bergamia (Bergamota) Fruta Olioa, Olea Europaea fruta olioa (oliba), Citrus Aurantium Dulcis (laranja) olioa, Citrus Grandis (pomeloa) zuritu olioa, Lavandula angustifolia (izpilikua) olioa, Cedrus Atlantica azala olioa, Pelargonium lore olioa graveolens, Fruta Ura Carica Papaya (Papaya), Jasminum Officinale (Jasmine) Olioa, Illicium Verum (Anisa) Fruta / Hazien Olioa, Artemisia Absinthium Estraktua, Arrosa Lore Olioa, Ferula Galbaniflua (Galbanum) Erretxina Olioa, Thuja Occidentalis hostoa ateratzea, Eucalyptus Globulus hostoa ateratzea, Lavandula angustifolia lorea (Laveder) / Hosto / Zurtoin Estraktua, Melaleuca Alternifolia (Te Zuhaitza) Hosto Estraktua, Melissa hosto Estraktua ficinalis, Mentha Piperita (Peppermint) Leaf Extract, Mentha rotundifolia Leaf Extract, Mentha Spicata Flower / Leaf / Stem Extract, Origa num Majorana Leaf Extract, OriganumVulgare Leaf Extract, Pelargonium graveolens Extract, Extract Rosmarinus officinalis (Rosemary) Leaf Extract (Thymus Ezkaia) Hosto Extract, Glizerina, Decil Glukosido, 1,2-Hexanediol, PEG-40 Hidrogenatutako Akain Olioa, PPG-26-Buteth-26, Sodio Kloruroa, etilhexilglizerina, sodio zitratoa, azido zitrikoak, oktanediola, copaifera officinalis (copaiba balsam) , erretxina, proteasa, alkohol desnaturalizatua, alkohola, fenoxietanola.', 'Agua, Flor de Rosa Damascena Agua, Hamamelis Virginiana (Hamamelis) Agua, Butilenglicol, Propanodiol, Gliceridos caprilico / caprico PEG-7, Pentilenglicol, Extracto de fruta Citrus Aurantium Dulcis (naranja), Xilitol, Aceite de fruta Citrus Aurantium Bergamia (Bergamota) , Aceite de fruta de Olea Europaea (oliva), aceite de Citrus Aurantium Dulcis (naranja), aceite de cascara de Citrus Grandis (pomelo), aceite de lavandula angustifolia (lavanda), aceite de corteza de Cedrus Atlantica, aceite de flor de Pelargonium graveolens, agua de fruta Carica Papaya (papaya), Jasminum Officinale (Jazmin) Aceite, Illicium Verum (Anis) Fruta / Aceite de semilla, Extracto de Artemisia Absinthium, Aceite de flor de rosa, Aceite de resina Ferula Galbaniflua (Galbanum), Extracto de hoja de Thuja Occidentalis, Extracto de hoja de Eucalyptus Globulus, Flor de Lavandula angustifolia (Laveder) / Extracto de hoja / tallo, extracto de hoja de Melaleuca Alternifolia (arbol de te), extracto de hoja de Melissa officinalis, extracto de hoja de Mentha Piperita (menta), extracto de hoja de Mentha rotundifolia, extracto de flor / hoja / tallo de Mentha Spicata, Origa num Extracto de hoja de Majorana, Extracto de hoja de OriganumVulgare, Extracto de Pelargonium graveolens, Extracto de hoja de Rosmarinus officinalis (Romero), Extracto de hoja de Thymus Vulgaris (Tomillo), Glicerina, Decil glucosido, 1,2-Hexanodiol, Aceite de ricino hidrogenado PEG-40, PPG-26 -Buteth-26, cloruro de sodio, etilhexilglicerina, citrato de sodio, acido citrico, octanodiol, copaifera officinalis (balsamo de copaiba), resina, proteasa, alcohol desnaturalizado, alcohol, fenoxietanol', 'Water, Rosa Damascena Flower Water, Hamamelis Virginiana (Hamamelis) Water, Butylene Glycol, Propanediol, Caprylic / Capric Glycerides PEG-7, Pentylene Glycol, Citrus Aurantium Dulcis (Orange) Fruit Extract, Xylitol, Citrus Aurantium Bergamia (Bergamot) Fruit Oil , Olea Europaea fruit oil (olive), Citrus Aurantium Dulcis (orange) oil, Citrus Grandis (grapefruit) peel oil, Lavandula angustifolia (lavender) oil, Cedrus Atlantica bark oil, Pelargonium flower oil graveolens, Fruit Water Carica Papaya (Papaya), Jasminum Officinale (Jasmine) Oil, Illicium Verum (Anise) Fruit / Seed Oil, Artemisia Absinthium Extract, Rose Flower Oil, Ferula Galbaniflua (Galbanum) Resin Oil, Extract Thuja Occidentalis Leaf Extract, Eucalyptus Globulus Leaf Extract, Lavandula angustifolia Flower (Laveder) / Leaf / Stem Extract, Melaleuca Alternifolia (Tea Tree) Leaf Extract, Melissa Leaf Extract of ficinalis, Mentha Piperita (Peppermint) Leaf Extract, Mentha rotundifolia Leaf Extract, Mentha Spicata Flower / Leaf / Stem Extract, Origa num Majorana Leaf Extract, OriganumVulgare Leaf Extract, Pelargonium graveolens Extract, Extract Rosmarinus officinalis (Rosemary) Leaf Extract, Thymus Vulgaris (Thyme) Leaf Extract, Glycerin, Decyl Glucoside, 1,2-Hexanediol, PEG-40 Hydrogenated Castor Oil, PPG-26 -Buteth-26, Sodium Chloride, ethylhexylglycerin, sodium citrate, citric acid, octanediol, copaifera officinalis (copaiba balsam), resin, protease, denatured alcohol, alcohol, phenoxyethanol', 0, ' 340ml', 0, '31.95', '2021-04-08', 0, 'SK'),
('S0002K', 'Disdira eta edertzeko iragazki krema', 'Filtro de belleza crema y brillo', 'Beauty filter cream glow', 'Berehala, tone-up efektua lortzen du, edertasun-iragazki App batekin argazkiak atera izan balira bezalaxe.\nHezetasun distiratsua,urtzeko esne gainaren egitura leunena dauka.\nZortzi lore-zuriren tone-up energiak azala alaitzen du.\n8 Bitamina-motak azal lehorrari hezetasuna ematen diote\n', 'Instantanea efecto tone-up, como si se han fotografiado con un filtro de belleza App.\nBrillante humedad en la suave textura de nata montada de fusion.\nEl tone-up energia de 8 tipos de blanco flores alegra la piel\n8 Tipo de vitaminas proporcionan una saludable la humedad a la piel seca\n', 'Instant tone-up effect, as if you have been photographed with a beauty filter App.\n Shiny moisture in the soft texture of whipped cream fusion.\n The tone-up, 8 types of energy coming from white flowers that brighten up the skin.\n 8 type of vitamins provide a healthy moisture to dry skin.\n', 'Ura, ciclopentasiloxanoa, propanediola, glizerina, etilhexanoato zetilikoa, lore arrosako damaszenoa, boro nitruroa, titanio dioxidoa (Ci 77891), dimeticona, glizeril-26, pentilenglikola, boswellia carter olioa Graveolens Pelargonium lorea, Ozpina Hidroxidoa Olioa, Amyris Lorea, Ozpina Hidroxidoaren Olioa, Amyris Balsalsium Loreen Azala Olioa, Arrosa Lore Olioa, Melaleuca Alternifolia (Te Zuhaitza) Hosto Olioa, Daucus Carota Sativa (Azenarioa) Hazien Olioa, Epilobium Extracto Fleischeri, Jasminum officinale (Jasmine) Lore / Hosto Extract, Nelumbo nucifera Lore Estraktua, Freesia Refracta Estraktua, Iris Versicolor Estraktua, Leontopodium Alpinum Lore / Hosto Estraktua, Lilium Candidum Bulb Estraktua, Narcissus Pseudo-Narcissus (Narcissus) Lore Estraktua, Rose Extracto, Hdi / Trimethylol Hexilaktona Gurutze Polimeroa, Sodio Poliazirilatoa, Olivetatoa , Potasio Zetil Afosfatoa, Fosfatoa, Silikaratela, PEG-100 Stearatoa, Kaprilil Glikola, Sodio Dimetikonola, Sodio Akrililo Tauratua, dimetoa hicone crosspolymer, isohexadecane, laureth-23, dimeth icone / binyl dimethicone crosspolymer, trideceth-6, butylene glycol, 1,2-hexanediol, laureth-4, octanediol, polysorbate 80, ethylhexylglycerin, 18/18 dimethicone, oleate sorbitan, citric , disodio EDTA, eztainu oxidoa (Ci 77861), fenoxietanola, potasio sorbatoa, mica (Ci 77019)', 'Agua, ciclopentasiloxano, propanodiol, glicerina, cetil etilhexanoato, agua de flor de rosa damascena, nitruro de boro, dioxido de titanio (Ci 77891), dimeticona, glicerit-26, pentilenglicol, aceite de boswellia carterii, aceite de flor de pelargonio Graveolens, hidroxido de vinagre Aceite, aceite de corteza de Amyris Balsamifera, aceite de flor de rosa, aceite de hoja de Melaleuca Alternifolia (arbol de te), aceite de semilla de Daucus Carota Sativa (zanahoria), extracto de Epilobium Fleischeri, extracto de flor / hoja de Jasminum officinale (jazmin), extracto de flor de Nelumbo nucifera, fresia Extracto de Refracta, Extracto de Iris Versicolor, Extracto de Flor / Hoja de Leontopodium Alpinum, Extracto de Bulbo de Lilium Candidum, Extracto de Flor de Narcissus Pseudo-Narcissus (Narciso), Extracto de Rosa, Polimero Cruzado de Hdi / Trimetilol Hexillactona, Poliacrilato de Sodio, Olivateto de Sorbato Olivar, cetilfosfato de potasio, silice, estearato de glicerilo, estearato de PEG-100, caprilil glicol, dimeticonol, acrilato de sodio / acriloilo de sodio Copolimero de metil taurato, polimero cruzado de dimeticona, isohexadecano, laureth-23, polimero cruzado de dimeticona / vinil dimeticona, trideceth-6, butilenglicol, 1,2-hexanodiol, laureth-4, octanodiol, polisorbato 80, etilhexilglicerina, 18 / 18 Dimeticona, oleato de sorbitan, acido citrico, EDTA disodico, oxido de estano (Ci 77861), fenoxietanol, sorbato de potasio, mica (Ci 77019)', 'Water, cyclopentasiloxane, propanediol, glycerin, cetyl ethylhexanoate, damascene rose flower water, boron nitride, titanium dioxide (Ci 77891), dimethicone, glyceryl-26, pentylene glycol, oil of boswellia carter oil Graveolens Pelargonium Flower, Vinegar Hydroxide Oil, Amyris Balsamifera Bark Oil, Rose Flower Oil, Melaleuca Alternifolia (Tea Tree) Leaf Oil, Daucus Carota Sativa (Carrot) Seed Oil, Epilobium Extract Fleischeri, Jasminum officinale (Jasmine) Flower / Leaf Extract, Nelumbo nucifera Flower Extract, Freesia Refracta Extract, Iris Versicolor Extract, Leontopodium Alpinum Flower / Leaf Extract, Lilium Candidum Bulb Extract, Flower Extract of Narcissus Pseudo-Narcissus (Narcissus),Rose Extract, Hdi / Trimethylol Hexillactone Cross Polymer, Sodium Polyacrylate, Olivar Sorbate Olivatet, Potassium Cetyl Phosphate, Silica, Glyceryl Stearate, PEG-100 Stearate, Caprylyl Glycol, Sodium Dimethiconol, Sodium Acryloyl Taurate , dimethicone crosspolymer, isohexadecane, laureth-23, dimethicone / vinyl dimethicone crosspolymer, trideceth-6, butylene glycol, 1,2-hexanediol, laureth-4, octanediol, polysorbate 80, ethylhexylglycerin, 18/18 dimethicone, oleate sorbitan, citric acid, disodium EDTA, tin oxide (Ci 77861), phenoxyethanol, potassium sorbate, mica (Ci 77019)', 5, '40g', 10, '32.95', '2021-04-06', 0, 'SK');

-- --------------------------------------------------------

--
-- Estructura de tabla para la tabla `produktu_kategoriak`
--

CREATE TABLE `produktu_kategoriak` (
  `produktuKodea` char(10) NOT NULL,
  `kategoriaKodea` char(10) NOT NULL
) ENGINE=InnoDB DEFAULT CHARSET=utf8mb4;

--
-- Volcado de datos para la tabla `produktu_kategoriak`
--

INSERT INTO `produktu_kategoriak` (`produktuKodea`, `kategoriaKodea`) VALUES
('S0001K', 'TONIC'),
('S0001K', 'EXFO'),
('M0001A', 'PGRA'),
('M0001A', 'PMIX'),
('M0001A', 'PNOR'),
('M0001A', 'PSEN'),
('M0001A', 'PSEC');

--
-- Índices para tablas volcadas
--

--
-- Indices de la tabla `erabiltzaileak`
--
ALTER TABLE `erabiltzaileak`
  ADD PRIMARY KEY (`erabiltzaileKodea`),
  ADD UNIQUE KEY `emailAktibazioa` (`emailAktibazioa`);

--
-- Indices de la tabla `eskaerak`
--
ALTER TABLE `eskaerak`
  ADD PRIMARY KEY (`eskaeraKodea`),
  ADD KEY `erabiltzaileKodea` (`erabiltzaileKodea`);

--
-- Indices de la tabla `eskaera_produktuak`
--
ALTER TABLE `eskaera_produktuak`
  ADD KEY `eskaeraKodea` (`eskaeraKodea`),
  ADD KEY `produktuKodea` (`produktuKodea`);

--
-- Indices de la tabla `ipn`
--
ALTER TABLE `ipn`
  ADD PRIMARY KEY (`transakzioKodea`),
  ADD KEY `eskaeraKodea` (`eskaeraKodea`);

--
-- Indices de la tabla `iritziak`
--
ALTER TABLE `iritziak`
  ADD PRIMARY KEY (`iritziKodea`),
  ADD KEY `produktuKodea` (`produktuKodea`);

--
-- Indices de la tabla `irudiak`
--
ALTER TABLE `irudiak`
  ADD PRIMARY KEY (`irudiKodea`),
  ADD KEY `produktuKodea` (`produktuKodea`);

--
-- Indices de la tabla `kategoriak`
--
ALTER TABLE `kategoriak`
  ADD PRIMARY KEY (`kategoriaKodea`);

--
-- Indices de la tabla `markak`
--
ALTER TABLE `markak`
  ADD PRIMARY KEY (`markaKodea`);

--
-- Indices de la tabla `produktuak`
--
ALTER TABLE `produktuak`
  ADD PRIMARY KEY (`produktuKodea`),
  ADD KEY `markaKodea` (`markaKodea`);

--
-- Indices de la tabla `produktu_kategoriak`
--
ALTER TABLE `produktu_kategoriak`
  ADD KEY `produktuKodea` (`produktuKodea`),
  ADD KEY `kategoriaKodea` (`kategoriaKodea`);

--
-- AUTO_INCREMENT de las tablas volcadas
--

--
-- AUTO_INCREMENT de la tabla `erabiltzaileak`
--
ALTER TABLE `erabiltzaileak`
  MODIFY `erabiltzaileKodea` int(11) NOT NULL AUTO_INCREMENT, AUTO_INCREMENT=4;

--
-- AUTO_INCREMENT de la tabla `eskaerak`
--
ALTER TABLE `eskaerak`
  MODIFY `eskaeraKodea` int(11) NOT NULL AUTO_INCREMENT, AUTO_INCREMENT=11;

--
-- AUTO_INCREMENT de la tabla `ipn`
--
ALTER TABLE `ipn`
  MODIFY `transakzioKodea` int(11) NOT NULL AUTO_INCREMENT;

--
-- AUTO_INCREMENT de la tabla `iritziak`
--
ALTER TABLE `iritziak`
  MODIFY `iritziKodea` int(11) NOT NULL AUTO_INCREMENT;

--
-- AUTO_INCREMENT de la tabla `irudiak`
--
ALTER TABLE `irudiak`
  MODIFY `irudiKodea` int(11) NOT NULL AUTO_INCREMENT, AUTO_INCREMENT=19;

--
-- Restricciones para tablas volcadas
--

--
-- Filtros para la tabla `eskaerak`
--
ALTER TABLE `eskaerak`
  ADD CONSTRAINT `eskaerak_ibfk_1` FOREIGN KEY (`erabiltzaileKodea`) REFERENCES `erabiltzaileak` (`erabiltzaileKodea`);

--
-- Filtros para la tabla `eskaera_produktuak`
--
ALTER TABLE `eskaera_produktuak`
  ADD CONSTRAINT `eskaera_produktuak_ibfk_1` FOREIGN KEY (`eskaeraKodea`) REFERENCES `eskaerak` (`eskaeraKodea`),
  ADD CONSTRAINT `eskaera_produktuak_ibfk_2` FOREIGN KEY (`produktuKodea`) REFERENCES `produktuak` (`produktuKodea`);

--
-- Filtros para la tabla `ipn`
--
ALTER TABLE `ipn`
  ADD CONSTRAINT `ipn_ibfk_1` FOREIGN KEY (`eskaeraKodea`) REFERENCES `eskaerak` (`eskaeraKodea`);

--
-- Filtros para la tabla `iritziak`
--
ALTER TABLE `iritziak`
  ADD CONSTRAINT `iritziak_ibfk_1` FOREIGN KEY (`produktuKodea`) REFERENCES `produktuak` (`produktuKodea`);

--
-- Filtros para la tabla `irudiak`
--
ALTER TABLE `irudiak`
  ADD CONSTRAINT `irudiak_ibfk_1` FOREIGN KEY (`produktuKodea`) REFERENCES `produktuak` (`produktuKodea`);

--
-- Filtros para la tabla `produktuak`
--
ALTER TABLE `produktuak`
  ADD CONSTRAINT `produktuak_ibfk_1` FOREIGN KEY (`markaKodea`) REFERENCES `markak` (`markaKodea`);

--
-- Filtros para la tabla `produktu_kategoriak`
--
ALTER TABLE `produktu_kategoriak`
  ADD CONSTRAINT `produktu_kategoriak_ibfk_1` FOREIGN KEY (`produktuKodea`) REFERENCES `produktuak` (`produktuKodea`),
  ADD CONSTRAINT `produktu_kategoriak_ibfk_2` FOREIGN KEY (`kategoriaKodea`) REFERENCES `kategoriak` (`kategoriaKodea`);
COMMIT;

/*!40101 SET CHARACTER_SET_CLIENT=@OLD_CHARACTER_SET_CLIENT */;
/*!40101 SET CHARACTER_SET_RESULTS=@OLD_CHARACTER_SET_RESULTS */;
/*!40101 SET COLLATION_CONNECTION=@OLD_COLLATION_CONNECTION */;
